EmpID;Age;DailyRate;DistanceFromHome;EmployeeNumber;Gender;JobLevel;JobSatisfaction;MonthlyRate;OverTime;PercentSalaryHike;PerformanceRating;YearsAtCompany
RM297;18;230;3;405;Male;1;3;25233;No;13;3;0
RM302;18;812;10;411;Female;1;3;9724;No;12;3;0
RM458;18;1306;5;614;Male;1;2;8059;Yes;14;3;0
RM728;18;287;5;1012;Male;1;4;13493;No;15;3;0
RM829;18;247;8;1156;Male;1;3;13556;No;12;3;0
RM973;18;1124;1;1368;Female;1;4;19305;No;15;3;0
RM1154;18;544;3;1624;Female;1;4;18420;Yes;12;3;0
RM1312;18;1431;14;1839;Female;1;3;8018;No;16;3;0
RM128;19;528;22;167;Male;1;3;26820;Yes;19;3;0
RM150;19;1181;3;201;Female;1;2;16102;No;14;3;1
RM172;19;602;1;235;Female;1;1;20989;No;21;4;0
RM178;19;303;2;243;Male;1;4;9241;No;22;4;1
RM423;19;489;2;566;Male;1;4;18437;No;12;3;1
RM689;19;419;21;959;Male;1;2;9947;Yes;13;3;1
RM854;19;645;9;1193;Male;1;1;7172;No;25;4;1
RM893;19;504;10;1248;Female;1;2;6148;Yes;25;4;1
RM910;19;265;25;1269;Female;1;4;21221;Yes;12;3;1
RM103;20;871;6;137;Female;1;4;19783;Yes;18;3;1
RM488;20;959;1;657;Female;1;2;11757;No;13;3;1
RM514;20;1362;10;701;Male;1;3;26999;Yes;11;3;1
RM663;20;500;2;922;Female;1;3;22052;No;13;3;2
RM690;20;129;4;960;Male;1;1;13008;No;19;3;1
RM732;20;1097;11;1016;Female;1;1;18275;Yes;15;3;1
RM777;20;769;9;1077;Female;1;4;17205;Yes;14;3;2
RM857;20;805;3;1198;Male;1;3;12828;No;12;3;2
RM877;20;654;21;1226;Male;1;4;5050;No;17;3;2
RM1179;20;1141;2;1657;Female;1;3;13251;No;19;3;2
RM1198;20;727;9;1680;Male;1;1;21082;No;11;3;2
RM024;21;391;15;30;Male;1;4;19281;No;14;3;0
RM275;21;996;3;379;Male;1;3;10531;No;17;3;3
RM358;21;756;1;478;Female;1;2;9150;Yes;11;3;3
RM363;21;895;9;484;Male;1;4;2851;No;24;4;3
RM371;21;156;12;494;Female;1;2;25422;No;15;3;1
RM497;21;1343;22;669;Male;1;3;24444;No;11;3;3
RM664;21;1427;18;923;Female;1;4;8870;No;19;3;1
RM778;21;1334;10;1079;Female;1;1;17258;No;13;3;1
RM816;21;984;1;1131;Female;1;2;25326;Yes;11;3;2
RM916;21;251;10;1279;Female;1;3;25308;No;20;4;2
RM1153;21;546;5;1623;Male;1;4;26009;No;18;3;2
RM1272;21;337;7;1780;Male;1;2;4567;No;13;3;1
RM1437;21;501;5;2021;Male;1;1;25479;Yes;11;3;2
RM018;22;1123;16;22;Male;1;4;7324;Yes;13;3;1
RM110;22;534;15;144;Female;1;4;23785;No;15;3;0
RM129;22;594;2;169;Male;1;4;19299;No;14;3;2
RM161;22;1256;19;217;Male;1;4;11992;No;24;4;2
RM207;22;1136;5;284;Male;1;2;12392;Yes;16;3;4
RM384;22;253;11;511;Female;1;2;24440;No;13;3;2
RM444;22;1368;4;593;Male;1;3;9129;No;16;3;2
RM499;22;604;6;675;Male;1;3;12145;No;20;4;2
RM631;22;1230;1;872;Male;2;4;19146;No;22;4;2
RM667;22;617;3;926;Female;2;3;10022;Yes;19;3;3
RM735;22;217;8;1019;Male;1;1;6881;No;15;3;4
RM861;22;1256;3;1203;Male;1;4;4223;Yes;11;3;0
RM1138;22;457;26;1605;Female;1;3;10293;Yes;14;3;4
RM1274;22;1294;8;1783;Female;1;1;15999;Yes;17;3;1
RM1340;22;391;7;1878;Male;1;2;26092;Yes;23;4;1
RM1424;22;581;1;2007;Male;1;3;17624;No;12;3;3
RM087;23;541;2;113;Male;1;1;9518;No;13;3;0
RM346;23;1309;26;465;Male;1;4;16092;No;12;3;4
RM517;23;885;4;705;Male;1;1;8544;No;16;3;3
RM551;23;650;9;758;Male;1;1;4344;No;14;3;4
RM566;23;310;10;784;Male;1;3;19630;No;18;3;2
RM586;23;1243;6;811;Male;1;1;3445;Yes;21;4;0
RM911;23;373;1;1270;Male;1;3;16901;No;22;4;1
RM1083;23;507;20;1533;Male;2;3;24812;No;14;3;4
RM1128;23;977;10;1592;Male;1;3;12826;No;16;3;2
RM1202;23;1320;8;1684;Male;1;3;20586;Yes;11;3;5
RM1214;23;427;7;1702;Male;1;4;25103;Yes;21;4;3
RM1239;23;160;4;1735;Female;1;2;12862;No;13;3;3
RM1409;23;571;12;1982;Male;1;4;13672;No;13;3;5
RM1439;23;638;9;2023;Male;1;1;26956;No;19;3;1
RM021;24;673;11;26;Female;2;3;8232;No;18;3;4
RM035;24;813;1;45;Male;1;4;3020;Yes;16;3;2
RM097;24;1353;3;128;Female;2;3;17519;No;21;4;3
RM114;24;1127;18;150;Male;1;3;13257;No;12;3;5
RM381;24;1371;10;507;Female;2;3;5915;Yes;12;3;5
RM415;24;1448;1;554;Female;1;2;21972;Yes;16;3;5
RM471;24;535;24;632;Male;1;4;5530;No;13;3;2
RM475;24;691;23;639;Male;1;4;21630;Yes;11;3;6
RM477;24;823;17;643;Male;1;2;9100;No;21;4;1
RM480;24;1287;7;647;Female;1;3;14168;Yes;16;3;6
RM526;24;693;3;720;Female;2;3;24785;No;14;3;2
RM587;24;1092;9;812;Male;1;2;26551;No;11;3;1
RM641;24;1269;4;888;Male;1;4;10778;No;17;3;5
RM725;24;1206;17;1009;Female;2;3;24117;No;15;3;4
RM842;24;477;24;1173;Male;1;2;6409;No;22;4;4
RM872;24;984;17;1219;Female;1;2;3372;No;13;3;1
RM1026;24;1476;4;1445;Female;2;3;15211;Yes;12;3;5
RM1061;24;381;9;1494;Male;1;1;16998;Yes;11;3;0
RM1062;24;830;13;1495;Female;1;2;7103;No;13;3;1
RM1098;24;350;21;1551;Male;1;1;10036;No;14;3;1
RM1169;24;567;2;1646;Female;1;4;17218;Yes;13;3;6
RM1218;24;581;9;1707;Male;1;3;17616;No;16;3;5
RM1223;24;240;22;1714;Male;1;3;11585;No;11;3;1
RM1231;24;506;29;1725;Male;1;1;3622;No;13;3;6
RM1246;24;897;10;1746;Male;1;4;2097;No;14;3;2
RM1408;24;771;1;1981;Male;2;3;14120;No;12;3;4
RM108;25;240;5;142;Male;2;3;26959;Yes;11;3;6
RM109;25;1280;7;143;Male;1;4;26897;No;11;3;2
RM139;25;959;28;183;Male;2;3;24835;No;18;3;2
RM256;25;685;1;350;Female;2;3;7505;No;12;3;4
RM268;25;675;5;369;Male;2;1;18384;No;12;3;6
RM398;25;891;4;527;Female;2;4;12090;Yes;11;3;5
RM406;25;688;3;538;Male;1;1;9396;No;13;3;2
RM479;25;622;13;645;Male;1;3;26376;No;11;3;7
RM518;25;810;8;707;Male;2;2;15678;No;22;4;3
RM564;25;883;26;781;Female;2;4;22807;No;23;4;6
RM619;25;180;2;854;Male;1;1;21632;No;13;3;4
RM635;25;141;3;879;Male;2;1;14363;Yes;18;3;5
RM639;25;583;4;885;Male;2;1;18154;No;12;3;5
RM684;25;867;19;952;Male;1;2;18798;Yes;18;3;1
RM797;25;1219;4;1106;Male;1;4;4605;Yes;15;3;7
RM886;25;1356;10;1240;Male;2;4;20623;No;14;3;4
RM912;25;599;24;1273;Male;1;4;8040;Yes;14;3;1
RM935;25;266;1;1303;Female;1;2;18830;No;18;3;2
RM966;25;882;19;1358;Male;1;4;9075;No;11;3;3
RM994;25;1372;18;1399;Male;2;3;12477;No;11;3;3
RM1004;25;949;1;1415;Male;1;4;4910;No;11;3;3
RM1022;25;383;9;1439;Male;1;1;15182;No;12;3;3
RM1175;25;772;2;1653;Male;2;3;4973;No;17;3;7
RM1412;25;309;2;1987;Female;1;2;19655;No;14;3;2
RM1414;25;977;2;1992;Male;1;3;7298;Yes;19;3;2
RM1434;25;1382;8;2018;Female;2;3;13684;Yes;22;4;5
RM043;26;1357;25;55;Male;1;3;10558;No;12;3;1
RM055;26;1443;23;72;Female;2;4;21436;Yes;19;3;2
RM126;26;841;6;164;Female;1;2;23300;No;19;3;5
RM135;26;1355;25;177;Female;1;3;8916;No;23;4;8
RM279;26;1479;1;384;Female;2;2;26767;No;20;4;6
RM285;26;496;11;390;Male;2;1;22722;Yes;13;3;5
RM289;26;1449;16;394;Male;1;2;14180;Yes;13;3;3
RM294;26;950;4;401;Male;2;4;8450;Yes;12;3;8
RM356;26;933;1;476;Male;2;3;20156;No;17;3;8
RM383;26;575;3;510;Male;1;1;6582;No;22;4;6
RM419;26;1349;23;560;Female;1;4;3032;No;22;4;3
RM454;26;426;17;608;Female;1;3;22808;Yes;11;3;7
RM461;26;775;29;618;Male;2;3;4267;No;12;3;0
RM464;26;471;24;622;Male;1;4;23213;Yes;18;3;1
RM476;26;703;28;641;Male;2;2;7428;No;20;4;5
RM506;26;991;6;686;Female;1;4;17759;Yes;13;3;3
RM572;26;575;1;792;Female;1;4;5288;No;14;3;2
RM574;26;1146;8;796;Male;2;1;3064;No;17;3;4
RM615;26;887;5;848;Female;1;3;20898;Yes;14;3;8
RM686;26;1283;1;956;Male;2;1;11148;No;12;3;7
RM734;26;1066;2;1018;Male;2;4;3334;No;12;3;8
RM749;26;265;29;1037;Male;2;1;21813;No;18;3;2
RM763;26;342;2;1053;Male;1;1;15346;Yes;14;3;3
RM770;26;921;1;1068;Female;1;3;25265;No;13;3;5
RM782;26;192;1;1083;Male;1;1;11141;No;16;3;5
RM798;26;1330;21;1107;Male;1;3;19373;No;20;4;1
RM844;26;1384;3;1177;Male;1;4;13421;No;22;4;8
RM913;26;583;4;1275;Male;1;4;9973;Yes;20;4;8
RM999;26;683;2;1407;Male;1;4;4050;No;12;3;4
RM1005;26;652;7;1417;Male;1;1;23577;No;12;3;7
RM1119;26;474;3;1581;Female;1;4;11133;No;21;4;1
RM1207;26;786;7;1693;Male;1;4;11925;No;20;4;7
RM1225;26;390;17;1718;Male;1;3;6217;No;15;3;3
RM1298;26;920;20;1818;Female;1;2;6889;Yes;11;3;5
RM1310;26;572;10;1836;Male;2;4;9125;No;13;3;5
RM1350;26;482;1;1893;Female;1;3;14908;Yes;13;3;1
RM1362;26;1096;6;1918;Male;1;4;7102;No;18;3;7
RM1387;26;157;1;1952;Male;1;1;20006;No;13;3;7
RM1465;26;1167;5;2060;Female;1;3;21378;No;18;3;4
RM1465;26;1167;5;2060;Female;1;3;21378;No;18;3;4
RM005;27;591;2;7;Male;1;2;16632;No;12;3;2
RM042;27;1240;2;54;Female;1;1;19715;No;13;3;1
RM044;27;994;8;56;Male;3;3;2975;No;15;3;9
RM162;27;691;9;218;Male;1;2;5970;No;18;3;2
RM165;27;1450;3;224;Male;1;3;25326;Yes;15;3;1
RM171;27;1157;17;233;Male;1;2;13364;Yes;16;3;5
RM192;27;894;9;260;Female;1;2;11781;No;16;3;7
RM201;27;472;1;274;Male;2;1;9679;No;19;3;2
RM213;27;1242;20;293;Female;2;3;12916;No;14;3;7
RM319;27;1220;5;434;Female;1;2;20938;Yes;12;3;4
RM321;27;1377;2;437;Male;2;3;5242;Yes;11;3;5
RM332;27;210;1;449;Male;2;2;22107;Yes;13;3;5
RM340;27;1130;8;458;Female;2;2;3415;No;18;3;8
RM374;27;1469;1;497;Male;1;2;17881;No;11;3;5
RM486;27;798;6;655;Female;1;3;5013;No;12;3;5
RM496;27;1420;2;667;Male;1;1;16346;No;11;3;4
RM513;27;1115;3;700;Male;1;4;15174;No;13;3;4
RM522;27;1410;3;714;Female;2;4;16673;Yes;20;4;6
RM531;27;608;1;725;Female;3;1;6009;No;11;3;9
RM538;27;294;10;733;Male;3;1;4809;No;21;4;9
RM555;27;975;7;764;Female;2;1;23398;No;19;3;7
RM577;27;829;8;800;Male;2;4;24008;No;19;3;4
RM611;27;269;5;844;Male;3;4;8842;Yes;16;3;9
RM616;27;443;3;850;Male;1;4;16571;No;11;3;0
RM671;27;618;4;933;Female;1;3;17808;No;19;3;1
RM718;27;1134;16;1001;Female;1;2;12086;No;14;3;2
RM740;27;1055;2;1027;Female;2;4;4658;No;18;3;3
RM787;27;1277;8;1094;Male;1;3;5869;No;19;3;3
RM834;27;199;6;1162;Male;1;3;7950;No;13;3;4
RM890;27;1103;14;1244;Male;1;1;14377;Yes;14;3;9
RM903;27;1167;4;1259;Male;1;3;3208;No;11;3;5
RM971;27;1291;11;1364;Female;1;4;6527;No;14;3;1
RM975;27;793;2;1371;Male;2;4;20392;No;20;4;6
RM997;27;205;10;1403;Female;2;4;7100;Yes;11;3;6
RM998;27;135;17;1405;Female;1;3;25681;Yes;13;3;8
RM1018;27;1377;11;1434;Male;1;1;7679;No;14;3;5
RM1150;27;1302;19;1619;Male;1;1;16290;No;11;3;7
RM1170;27;486;8;1647;Female;1;3;22490;No;17;3;3
RM1171;27;591;2;1648;Male;1;4;6297;No;13;3;4
RM1249;27;1054;8;1751;Female;1;4;6152;No;11;3;6
RM1318;27;1297;5;1850;Female;1;4;19826;Yes;14;3;5
RM1329;27;728;23;1864;Female;2;3;7018;No;21;4;9
RM1335;27;1131;15;1870;Female;1;1;23844;No;19;3;7
RM1351;27;511;2;1898;Female;2;3;26997;No;14;3;8
RM1368;27;1354;2;1931;Male;1;2;6073;No;11;3;5
RM1380;27;1337;22;1944;Female;1;2;19555;No;12;3;1
RM1394;27;954;9;1965;Male;2;4;5099;No;14;3;7
RM1468;27;155;4;2064;Male;2;2;5174;Yes;20;4;6
RM1468;27;155;4;2064;Male;2;2;5174;Yes;20;4;6
RM015;28;103;24;19;Male;1;3;12947;Yes;14;3;4
RM052;28;1434;5;65;Male;1;3;11179;Yes;13;3;2
RM098;28;120;4;129;Male;2;3;8863;No;15;3;5
RM163;28;440;21;221;Male;1;4;6672;No;11;3;5
RM265;28;529;2;364;Male;1;3;14935;No;11;3;0
RM273;28;1158;9;377;Male;1;4;2613;No;23;4;5
RM290;28;1117;8;395;Female;1;4;4488;No;21;4;5
RM303;28;1476;16;412;Male;2;1;4824;No;19;3;8
RM324;28;1157;2;440;Male;1;4;24737;Yes;13;3;3
RM375;28;304;9;498;Male;2;4;20750;No;16;3;7
RM405;28;1300;17;536;Male;2;1;13535;No;12;3;10
RM541;28;654;1;741;Female;1;2;3872;Yes;13;3;7
RM599;28;890;2;828;Male;1;3;16374;No;17;3;2
RM613;28;760;2;846;Female;2;2;3698;Yes;20;4;8
RM630;28;1169;8;869;Male;1;4;23965;No;13;3;5
RM660;28;821;5;916;Male;2;4;24252;No;14;3;4
RM669;28;995;9;930;Female;1;3;9834;No;18;3;2
RM765;28;1144;10;1056;Male;1;2;23384;No;22;4;1
RM781;28;1366;24;1082;Male;3;1;12355;No;12;3;10
RM789;28;857;10;1097;Female;2;3;7909;No;13;3;8
RM794;28;895;15;1102;Male;1;3;22482;No;16;3;4
RM801;28;1009;1;1111;Male;1;2;7160;No;15;3;1
RM810;28;950;3;1121;Female;3;2;8039;No;17;3;9
RM820;28;1451;2;1136;Male;1;2;19911;No;17;3;5
RM828;28;773;6;1154;Male;1;3;22088;Yes;14;3;3
RM843;28;1485;12;1175;Female;1;4;22955;Yes;11;3;1
RM869;28;1179;19;1216;Male;1;1;12449;No;12;3;6
RM922;28;791;1;1286;Male;1;3;6842;Yes;11;3;4
RM930;28;193;2;1296;Male;1;4;14222;Yes;12;3;2
RM934;28;640;1;1301;Male;1;1;4732;No;11;3;3
RM945;28;1476;1;1315;Female;2;4;16392;No;11;3;9
RM985;28;736;26;1387;Male;2;1;24232;No;11;3;5
RM1042;28;866;5;1469;Male;2;1;23490;No;18;3;5
RM1057;28;1496;1;1486;Male;1;3;15747;No;15;3;3
RM1069;28;289;2;1504;Male;1;1;5355;No;11;3;0
RM1070;28;1423;1;1506;Male;1;3;12530;No;14;3;1
RM1071;28;467;7;1507;Male;2;1;11827;No;14;3;4
RM1074;28;1083;29;1514;Male;2;2;3173;No;14;3;8
RM1137;28;329;24;1604;Male;1;2;7324;Yes;17;3;1
RM1152;28;580;27;1622;Female;2;1;20460;No;21;4;5
RM1284;28;1181;1;1799;Male;1;4;5531;No;11;3;5
RM1308;28;1217;1;1834;Female;1;1;12719;No;25;4;3
RM1324;28;280;1;1858;Male;1;4;10494;No;15;3;3
RM1338;28;1172;3;1875;Female;1;2;3692;No;19;3;1
RM1365;28;783;1;1927;Male;2;4;19255;Yes;12;3;7
RM1370;28;1475;13;1933;Female;2;3;23352;Yes;11;3;2
RM1382;28;1103;16;1947;Male;1;3;2122;No;14;3;5
RM1391;28;1404;17;1960;Male;1;4;18779;No;12;3;4
RM012;29;153;15;15;Female;2;3;12682;Yes;12;3;9
RM016;29;1389;21;20;Female;3;1;10195;No;11;3;10
RM072;29;1328;2;94;Male;1;2;4956;No;23;4;5
RM156;29;1496;1;208;Male;2;3;26283;No;13;3;10
RM206;29;121;27;283;Female;3;4;24525;No;22;4;10
RM218;29;992;1;300;Male;1;3;19757;No;14;3;6
RM228;29;1413;1;312;Female;3;4;6599;No;14;3;11
RM230;29;896;18;315;Male;1;4;14961;Yes;13;3;4
RM253;29;665;15;346;Male;1;4;22673;No;19;3;6
RM255;29;1247;20;349;Male;2;4;10732;No;14;3;3
RM266;29;1210;2;366;Male;2;2;3687;No;19;3;0
RM283;29;442;2;388;Male;2;4;20260;No;18;3;10
RM337;29;318;8;454;Male;1;1;4759;Yes;11;3;7
RM338;29;738;9;455;Male;1;4;7621;No;17;3;3
RM344;29;144;10;463;Female;2;2;11866;Yes;14;3;7
RM350;29;746;2;469;Male;2;3;16928;No;14;3;4
RM372;29;1283;23;495;Male;1;4;18168;No;16;3;3
RM421;29;986;3;564;Male;3;3;21526;No;18;3;10
RM422;29;408;25;565;Female;1;2;18300;No;16;3;2
RM455;29;232;19;611;Male;2;4;22645;No;12;3;3
RM508;29;1176;3;690;Female;2;3;3487;No;14;3;6
RM520;29;806;1;710;Male;1;4;18959;No;18;3;10
RM547;29;1396;10;749;Male;1;3;2755;No;11;3;1
RM556;29;1090;10;766;Male;1;2;17967;No;14;3;2
RM573;29;657;27;793;Female;2;3;25549;No;12;3;8
RM590;29;805;1;816;Female;1;1;6689;Yes;11;3;1
RM595;29;1252;23;824;Male;1;3;23779;No;24;4;10
RM646;29;341;1;896;Female;1;3;23522;Yes;19;3;3
RM658;29;1086;7;912;Female;1;4;6054;No;14;3;4
RM698;29;1404;20;974;Female;1;4;18203;No;15;3;3
RM712;29;906;10;994;Female;1;1;11479;Yes;20;4;0
RM809;29;1107;28;1120;Female;1;4;26968;No;22;4;7
RM824;29;490;10;1143;Female;1;2;17940;No;14;3;7
RM826;29;718;8;1150;Male;2;4;17689;Yes;15;3;10
RM837;29;408;23;1165;Female;3;1;11162;No;13;3;11
RM853;29;1401;6;1192;Female;1;4;26342;No;13;3;10
RM860;29;942;15;1202;Female;1;4;26933;Yes;18;3;5
RM894;29;1010;1;1249;Female;1;4;5598;No;15;3;3
RM904;29;1329;7;1260;Male;2;4;4204;Yes;11;3;6
RM906;29;694;1;1264;Female;4;4;3423;No;14;3;7
RM933;29;806;7;1299;Female;1;3;17285;Yes;13;3;7
RM1006;29;332;17;1419;Male;3;1;9769;No;13;3;10
RM1008;29;337;14;1421;Female;3;4;22930;Yes;12;3;8
RM1058;29;115;13;1487;Female;2;2;17485;No;11;3;5
RM1064;29;1246;19;1497;Male;2;3;23757;No;14;3;10
RM1073;29;410;2;1513;Female;1;2;4668;No;13;3;3
RM1078;29;224;1;1522;Male;1;1;7568;No;13;3;9
RM1091;29;441;8;1544;Female;2;1;7288;No;13;3;7
RM1105;29;598;9;1558;Male;1;3;22376;No;18;3;1
RM1123;29;1370;3;1586;Male;1;1;16213;Yes;18;3;10
RM1126;29;995;2;1590;Male;2;4;24483;No;19;3;6
RM1173;29;469;10;1650;Male;2;3;23413;No;11;3;5
RM1189;29;991;5;1669;Male;2;2;3356;Yes;13;3;10
RM1220;29;1082;9;1709;Female;1;3;25412;No;17;3;5
RM1250;29;428;9;1752;Female;1;2;14630;No;13;3;2
RM1251;29;461;1;1753;Male;2;3;23060;Yes;12;3;3
RM1259;29;590;4;1762;Female;1;1;10007;No;13;3;1
RM1314;29;350;13;1844;Male;1;1;3157;Yes;15;3;2
RM1319;29;574;20;1852;Male;1;4;7003;No;13;3;11
RM1325;29;726;29;1859;Male;2;3;21143;No;17;3;7
RM1330;29;352;6;1865;Male;1;2;15434;No;11;3;1
RM1333;29;459;24;1868;Male;1;4;14753;Yes;24;4;1
RM1344;29;592;7;1883;Male;1;1;19384;No;14;3;3
RM1366;29;746;24;1928;Male;1;1;10642;No;17;3;1
RM1388;29;136;1;1954;Male;2;1;6225;No;12;3;5
RM1443;29;1092;1;2027;Male;1;4;26124;Yes;14;3;2
RM1460;29;1378;13;2053;Male;2;2;23679;Yes;13;3;4
RM1461;29;468;28;2054;Female;1;1;8489;No;14;3;5
RM1461;29;468;28;2054;Female;1;1;8489;No;14;3;5
RM008;30;1358;24;11;Male;1;3;13335;No;22;4;1
RM033;30;125;9;41;Male;1;3;16117;No;13;3;10
RM045;30;721;1;57;Female;2;4;10781;No;23;4;12
RM081;30;852;1;104;Male;2;4;15998;Yes;12;3;10
RM089;30;288;2;117;Male;2;4;15830;No;19;3;11
RM093;30;1334;4;121;Female;2;2;19760;Yes;12;3;11
RM121;30;1312;23;159;Male;1;3;22310;No;25;4;10
RM140;30;1240;9;184;Male;2;4;13982;Yes;19;3;11
RM144;30;438;18;194;Female;1;3;23910;No;14;3;5
RM146;30;201;5;197;Female;1;1;10415;No;14;3;3
RM147;30;1427;2;198;Male;1;4;11162;No;13;3;5
RM168;30;1339;5;228;Female;3;4;8053;No;12;3;10
RM174;30;111;9;239;Male;2;1;11012;No;11;3;12
RM212;30;829;1;292;Male;3;3;20925;No;22;4;11
RM215;30;1005;3;297;Female;1;1;8556;Yes;11;3;5
RM217;30;334;26;299;Female;2;1;22967;No;15;3;6
RM325;30;1275;28;441;Female;2;4;11934;No;13;3;10
RM339;30;570;5;456;Female;2;3;5431;No;13;3;10
RM355;30;641;25;475;Female;2;3;6069;Yes;12;3;2
RM382;30;202;2;508;Male;1;2;17434;No;18;3;1
RM386;30;464;4;514;Male;1;4;3427;Yes;23;4;1
RM403;30;1082;12;533;Female;2;3;19558;No;11;3;5
RM411;30;317;2;548;Female;2;4;24793;No;20;4;5
RM420;30;1400;3;562;Male;1;4;16734;No;15;3;5
RM424;30;1398;22;567;Female;3;1;2890;No;11;3;9
RM427;30;1116;2;571;Female;1;4;7181;No;14;3;11
RM438;30;413;7;585;Male;1;2;18398;No;14;3;3
RM481;30;448;12;648;Male;1;1;14470;No;18;3;1
RM502;30;160;3;680;Female;1;3;22653;No;20;4;1
RM546;30;501;27;747;Male;2;4;25275;No;23;4;8
RM582;30;921;1;806;Male;1;3;24375;No;21;4;2
RM603;30;946;2;833;Female;2;4;20234;Yes;24;4;0
RM624;30;1012;5;861;Male;1;4;2373;No;12;3;5
RM703;30;231;8;982;Male;3;3;9977;No;11;3;8
RM721;30;138;22;1004;Female;1;3;11539;Yes;11;3;5
RM731;30;153;8;1015;Female;3;1;17802;Yes;12;3;8
RM733;30;109;5;1017;Female;1;2;25725;No;17;3;3
RM783;30;1176;20;1084;Male;2;1;9096;No;15;3;6
RM845;30;852;10;1179;Male;2;3;2706;No;18;3;10
RM866;30;1329;29;1211;Male;2;1;13192;No;19;3;4
RM875;30;853;7;1224;Male;2;3;11309;No;13;3;10
RM887;30;1465;1;1241;Male;1;2;9369;Yes;21;4;11
RM932;30;879;9;1298;Female;2;3;12858;Yes;18;3;8
RM942;30;1138;6;1311;Female;2;4;23631;No;12;3;9
RM949;30;634;17;1321;Female;3;1;25927;Yes;23;4;9
RM1014;30;855;7;1428;Female;2;1;12761;No;14;3;3
RM1050;30;1358;16;1479;Male;2;3;2939;No;15;3;2
RM1053;30;990;7;1482;Male;1;3;7152;No;13;3;1
RM1065;30;330;1;1499;Male;1;3;15428;No;21;4;5
RM1107;30;740;1;1562;Male;2;1;5323;No;11;3;10
RM1110;30;1288;29;1568;Male;3;2;17799;No;12;3;4
RM1142;30;241;7;1609;Male;1;2;5348;No;12;3;6
RM1234;30;793;16;1729;Male;1;4;3811;No;12;3;10
RM1245;30;1312;2;1745;Female;1;1;26427;No;16;3;9
RM1247;30;600;8;1747;Female;1;4;9732;No;11;3;4
RM1252;30;979;15;1754;Male;3;1;3088;No;11;3;7
RM1260;30;305;16;1763;Male;2;3;9128;No;16;3;7
RM1297;30;1092;10;1816;Female;3;3;2739;No;14;3;7
RM1339;30;945;9;1876;Male;1;4;16019;No;13;3;1
RM1413;30;911;1;1989;Male;1;2;4077;No;13;3;12
RM013;31;670;26;16;Male;1;3;15170;No;17;3;5
RM059;31;655;7;76;Male;2;4;9528;No;22;4;7
RM073;31;1082;1;95;Male;1;2;18775;No;17;3;1
RM076;31;746;8;98;Female;2;4;20682;No;23;4;11
RM125;31;249;6;163;Male;2;3;20739;Yes;18;3;7
RM133;31;542;20;175;Female;2;3;24788;Yes;11;3;2
RM181;31;140;12;246;Female;1;4;6984;Yes;23;4;4
RM225;31;979;1;308;Male;2;3;4381;No;12;3;5
RM246;31;1327;3;337;Male;3;3;13523;No;12;3;2
RM260;31;307;29;355;Male;1;2;11652;No;11;3;5
RM267;31;1463;23;367;Male;2;4;14408;No;21;4;9
RM293;31;444;5;399;Female;1;2;3909;No;11;3;2
RM304;31;218;7;416;Male;2;4;12241;No;11;3;8
RM310;31;691;5;423;Male;1;4;10077;Yes;12;3;5
RM311;31;106;2;424;Male;2;1;17822;No;12;3;2
RM313;31;192;2;426;Male;1;4;7747;Yes;18;3;2
RM322;31;691;7;438;Male;2;4;7143;No;12;3;7
RM326;31;798;7;442;Female;3;3;14034;No;24;4;10
RM343;31;1232;7;462;Female;3;4;25713;Yes;14;3;11
RM370;31;408;9;493;Male;1;2;7551;Yes;16;3;2
RM395;31;480;7;524;Female;2;1;4156;No;12;3;13
RM400;31;329;1;530;Male;1;1;16193;No;12;3;4
RM435;31;1274;9;581;Male;3;2;14394;No;25;4;13
RM440;31;534;20;587;Male;3;3;22908;No;12;3;1
RM451;31;828;2;604;Male;2;4;8346;Yes;13;3;6
RM457;31;688;7;613;Male;3;4;25291;No;21;4;5
RM483;31;1365;13;650;Male;2;1;11512;No;17;3;3
RM485;31;525;6;653;Male;2;4;6219;No;22;4;7
RM645;31;1222;11;895;Male;1;4;14871;Yes;19;3;6
RM676;31;154;7;941;Male;1;3;11737;No;15;3;7
RM680;31;1188;20;947;Female;2;3;24406;No;13;3;9
RM691;31;616;12;961;Female;2;4;17369;Yes;11;3;9
RM710;31;335;9;991;Male;1;1;10322;Yes;22;4;3
RM727;31;853;1;1011;Female;2;1;11275;No;12;3;4
RM819;31;793;20;1135;Male;1;4;21981;No;12;3;2
RM832;31;874;15;1160;Male;1;3;6233;No;12;3;2
RM896;31;1332;11;1251;Male;2;1;17089;Yes;12;3;6
RM897;31;1062;24;1252;Female;2;1;17198;No;19;3;10
RM951;31;587;2;1324;Female;3;3;8935;Yes;19;3;10
RM953;31;1060;1;1331;Female;1;2;8319;Yes;11;3;3
RM981;31;703;2;1379;Female;1;4;11882;No;14;3;1
RM986;31;330;22;1389;Male;2;3;21057;Yes;15;3;10
RM1013;31;667;1;1427;Female;1;3;16154;No;12;3;1
RM1015;31;182;8;1430;Female;4;2;8847;No;11;3;3
RM1017;31;202;8;1433;Female;1;2;22262;No;12;3;1
RM1031;31;326;8;1453;Male;3;4;8386;No;18;3;13
RM1034;31;1445;1;1459;Female;3;2;8931;No;11;3;10
RM1036;31;1398;8;1461;Female;1;2;24609;No;18;3;3
RM1037;31;523;2;1464;Male;1;4;21081;Yes;13;3;2
RM1086;31;561;3;1537;Female;1;3;4156;No;12;3;7
RM1145;31;715;2;1613;Male;2;1;21602;No;13;3;5
RM1192;31;1112;5;1673;Female;2;4;22589;No;11;3;10
RM1228;31;741;2;1721;Male;1;3;18103;No;14;3;5
RM1240;31;163;24;1736;Female;2;4;6670;No;20;4;5
RM1248;31;1003;5;1749;Male;2;3;20943;No;19;3;5
RM1258;31;1079;16;1761;Male;3;3;19002;No;13;3;1
RM1275;31;196;29;1784;Female;2;4;13402;No;14;3;12
RM1307;31;1125;7;1833;Female;3;1;8277;No;14;3;3
RM1313;31;359;18;1842;Male;1;1;21495;No;17;3;1
RM1342;31;311;20;1881;Male;2;3;18624;No;11;3;10
RM1359;31;1079;10;1912;Female;2;4;20115;Yes;11;3;5
RM1361;31;471;4;1916;Female;1;3;16031;No;12;3;2
RM1383;31;976;3;1948;Male;1;1;3995;Yes;13;3;4
RM1390;31;1125;1;1956;Male;2;1;5771;No;21;4;10
RM1396;31;754;26;1967;Male;2;4;21075;Yes;11;3;10
RM1403;31;1276;2;1974;Female;1;4;17536;Yes;11;3;1
RM1406;31;697;10;1979;Female;3;3;26862;No;20;4;11
RM1418;31;1154;2;1996;Male;1;3;6393;No;19;3;2
RM1464;31;325;5;2057;Male;2;1;3787;No;19;3;9
RM1464;31;325;5;2057;Male;2;1;3787;No;19;3;9
RM006;32;1005;2;8;Male;1;4;11864;No;13;3;7
RM017;32;334;5;21;Male;1;2;15053;Yes;12;3;6
RM027;32;1125;16;33;Female;1;1;4681;Yes;22;4;10
RM061;32;427;1;78;Male;2;4;10877;Yes;22;4;9
RM074;32;548;1;96;Male;2;2;7346;No;17;3;10
RM095;32;1093;6;125;Male;2;3;24301;No;16;3;11
RM102;32;827;1;134;Male;1;1;15178;No;13;3;1
RM141;32;1033;9;190;Female;1;1;10224;No;22;4;5
RM145;32;689;9;195;Male;2;4;22812;No;17;3;8
RM155;32;967;8;207;Female;3;4;15589;No;14;3;9
RM170;32;120;6;231;Male;1;3;12430;No;20;4;5
RM211;32;1045;4;291;Male;3;4;25812;No;11;3;14
RM239;32;1401;4;330;Female;1;2;20990;No;11;3;4
RM240;32;515;1;331;Male;1;3;9571;Yes;14;3;3
RM242;32;976;26;333;Male;2;4;12069;No;18;3;3
RM261;32;1311;7;359;Male;1;2;26062;No;20;4;5
RM263;32;128;2;362;Male;2;1;19737;No;13;3;6
RM307;32;906;7;420;Male;2;3;16985;No;14;3;13
RM320;32;588;8;436;Female;2;2;24624;Yes;11;3;13
RM323;32;1018;2;439;Female;2;4;10557;No;16;3;7
RM352;32;1062;2;471;Female;1;2;3956;No;13;3;8
RM470;32;1474;11;631;Male;2;3;23914;No;12;3;4
RM501;32;646;9;679;Female;2;4;18089;Yes;12;3;6
RM528;32;929;10;722;Male;2;4;21703;No;12;3;10
RM532;32;1018;3;727;Female;3;4;19373;No;15;3;7
RM559;32;430;24;772;Male;2;4;21146;No;15;3;10
RM601;32;859;4;830;Female;2;3;19124;No;12;3;14
RM623;32;117;13;859;Male;2;4;9250;No;11;3;5
RM627;32;638;8;865;Female;2;3;22162;No;12;3;5
RM638;32;300;1;882;Male;1;4;9148;No;12;3;3
RM642;32;379;5;889;Male;2;2;8891;No;14;3;10
RM657;32;374;25;911;Male;1;4;18016;Yes;24;4;1
RM683;32;1184;1;951;Female;1;2;3974;No;20;4;3
RM693;32;498;3;966;Female;2;1;13554;No;12;3;8
RM757;32;1109;29;1046;Female;1;3;11135;No;12;3;8
RM851;32;862;2;1190;Female;1;1;14947;No;12;3;1
RM881;32;116;13;1234;Female;1;2;7331;No;20;4;2
RM882;32;1316;2;1235;Female;2;3;2338;Yes;14;3;8
RM936;32;604;8;1304;Male;2;4;11693;No;15;3;10
RM940;32;1089;7;1309;Male;2;3;22845;No;18;3;10
RM992;32;499;2;1396;Male;2;2;20497;Yes;13;3;3
RM1027;32;601;7;1446;Male;2;4;23343;No;12;3;4
RM1076;32;495;10;1516;Male;3;4;21072;No;25;4;5
RM1102;32;824;5;1555;Female;2;2;15624;No;12;3;7
RM1114;32;1200;1;1574;Male;2;1;25174;No;14;3;6
RM1140;32;634;5;1607;Female;1;4;18783;No;17;3;3
RM1191;32;977;2;1671;Male;2;2;25518;No;13;3;9
RM1206;32;1259;2;1692;Male;1;2;24852;No;12;3;1
RM1227;32;585;10;1720;Male;1;3;17360;No;13;3;5
RM1238;32;964;1;1734;Male;2;2;12147;No;15;3;0
RM1242;32;371;19;1739;Male;3;3;3840;No;13;3;4
RM1261;32;953;5;1764;Male;1;2;17674;No;14;3;7
RM1320;32;1318;10;1853;Male;2;4;26075;No;13;3;0
RM1327;32;414;2;1862;Male;2;2;26186;Yes;12;3;2
RM1376;32;238;5;1939;Female;1;3;15318;Yes;14;3;4
RM1389;32;1146;15;1955;Female;2;4;16542;No;18;3;5
RM1395;32;1373;5;1966;Male;2;4;10138;No;24;4;1
RM1427;32;267;29;2010;Female;1;2;15919;No;13;3;6
RM1429;32;234;1;2013;Male;1;2;18024;No;14;3;2
RM1432;32;801;1;2016;Female;3;4;24032;No;19;3;14
RM1450;32;529;2;2038;Male;1;1;11288;No;14;3;4
RM004;33;1392;3;5;Female;1;3;23159;Yes;11;3;8
RM031;33;924;2;39;Male;1;4;6670;No;11;3;1
RM040;33;1141;1;52;Female;2;1;3193;No;19;3;5
RM056;33;515;1;73;Female;3;4;15146;Yes;12;3;15
RM122;33;750;22;160;Male;2;2;15480;No;13;3;7
RM177;33;134;2;242;Male;1;4;10515;No;14;3;3
RM186;33;931;14;252;Female;1;2;4673;No;13;3;8
RM222;33;147;4;305;Female;1;2;13248;No;21;4;3
RM235;33;813;14;325;Male;1;4;22149;Yes;13;3;5
RM237;33;465;2;328;Female;1;1;21509;No;20;4;9
RM247;33;832;5;338;Female;1;4;14776;No;13;3;2
RM314;33;553;5;428;Female;3;2;23364;No;11;3;10
RM329;33;508;10;446;Male;2;4;4317;No;14;3;7
RM364;33;350;5;485;Female;1;3;9150;Yes;13;3;1
RM436;33;1277;15;582;Male;3;3;24619;Yes;12;3;7
RM437;33;587;10;584;Male;1;4;6705;No;13;3;4
RM456;33;922;1;612;Female;4;3;22578;No;19;3;6
RM500;33;1216;8;677;Male;2;3;20431;No;12;3;5
RM510;33;1296;6;692;Male;2;4;5335;No;23;4;13
RM515;33;1076;3;702;Male;1;1;3164;Yes;11;3;10
RM563;33;527;1;780;Male;1;4;5207;Yes;13;3;10
RM591;33;213;7;817;Male;3;3;25995;No;11;3;13
RM592;33;118;16;819;Female;2;1;26507;No;15;3;3
RM620;33;586;1;855;Male;2;1;21816;No;22;4;9
RM656;33;1075;3;910;Male;1;2;22650;Yes;11;3;4
RM674;33;1198;1;939;Male;1;1;3339;Yes;11;3;3
RM695;33;1069;1;969;Female;2;4;12291;No;14;3;5
RM711;33;722;17;992;Male;4;3;20489;No;11;3;10
RM713;33;461;13;995;Female;1;4;17241;No;18;3;3
RM716;33;827;1;998;Female;2;2;20161;Yes;13;3;6
RM755;33;1038;8;1044;Female;1;4;21437;No;19;3;2
RM791;33;654;5;1099;Male;3;4;21214;No;15;3;3
RM793;33;827;29;1101;Female;2;3;3129;No;22;4;13
RM799;33;1017;25;1108;Male;1;2;2993;Yes;20;4;2
RM803;33;970;7;1114;Female;2;2;13401;No;17;3;3
RM830;33;603;9;1157;Female;2;1;18385;Yes;17;3;5
RM864;33;147;2;1207;Male;1;3;8429;No;13;3;5
RM873;33;1146;25;1220;Female;2;3;4905;No;12;3;10
RM884;33;117;9;1238;Male;1;4;6311;No;13;3;14
RM909;33;536;10;1268;Male;3;3;21708;Yes;14;3;9
RM991;33;1111;5;1395;Male;2;4;19293;No;13;3;5
RM1048;33;430;7;1477;Male;2;1;17456;No;14;3;4
RM1067;33;1099;4;1502;Female;1;2;8192;No;11;3;5
RM1075;33;516;8;1515;Male;2;3;22049;Yes;17;3;0
RM1092;33;575;25;1545;Male;2;2;24152;No;13;3;5
RM1096;33;589;28;1549;Male;2;3;22949;Yes;12;3;15
RM1106;33;1242;8;1560;Male;2;1;10589;No;13;3;2
RM1190;33;392;2;1670;Male;2;4;3921;No;14;3;6
RM1199;33;530;16;1681;Female;2;4;16130;Yes;25;4;6
RM1211;33;267;21;1698;Male;1;2;13637;No;18;3;14
RM1254;33;1283;2;1756;Female;2;2;10697;No;15;3;11
RM1256;33;211;16;1758;Female;3;1;10092;Yes;20;4;0
RM1266;33;775;4;1771;Male;2;2;6194;No;15;3;9
RM1283;33;867;8;1798;Male;1;1;6076;No;19;3;10
RM1364;33;217;10;1924;Male;2;3;10410;No;14;3;10
RM1399;33;1303;7;1970;Male;2;3;18079;No;20;4;9
RM1416;33;1313;1;1994;Male;1;3;20439;No;12;3;1
RM1426;33;501;15;2009;Female;2;4;21653;Yes;13;3;9
RM014;34;1346;19;18;Male;1;4;8758;No;11;3;2
RM023;34;419;7;28;Female;3;2;21293;No;11;3;12
RM025;34;699;6;31;Male;1;1;17102;No;11;3;4
RM047;34;1065;23;60;Male;2;3;10034;No;20;4;9
RM085;34;1153;1;110;Male;2;2;17736;No;15;3;5
RM104;34;665;6;138;Female;2;3;12482;No;14;3;16
RM112;34;658;7;147;Male;2;3;22887;Yes;24;4;9
RM115;34;1031;6;151;Female;2;2;15000;No;15;3;1
RM117;34;1354;5;153;Female;3;1;5615;No;12;3;11
RM160;34;303;2;216;Female;1;3;11314;No;18;3;4
RM182;34;629;27;247;Female;1;2;5711;No;15;3;3
RM189;34;1069;2;256;Male;2;3;14074;No;17;3;10
RM203;34;878;10;277;Male;1;3;5972;Yes;17;3;5
RM248;34;470;2;339;Male;2;1;23687;No;13;3;11
RM379;34;1362;19;502;Male;2;4;4652;Yes;13;3;5
RM394;34;1381;4;523;Female;2;3;12740;No;15;3;3
RM416;34;296;6;555;Female;1;3;12253;No;16;3;2
RM433;34;1303;2;579;Male;1;3;8416;No;12;3;7
RM441;34;988;23;590;Female;3;1;11533;Yes;15;3;3
RM463;34;258;21;621;Male;2;4;19921;No;12;3;10
RM482;34;254;1;649;Male;1;4;22794;Yes;13;3;6
RM495;34;204;14;666;Female;1;3;2912;Yes;18;3;8
RM504;34;1397;1;683;Male;1;4;7660;No;12;3;10
RM525;34;1442;9;717;Female;3;2;17654;No;14;3;8
RM550;34;970;8;757;Female;2;3;7360;No;11;3;5
RM561;34;167;8;775;Female;2;1;4187;No;14;3;0
RM568;34;304;2;786;Male;2;4;18686;No;22;4;6
RM575;34;182;1;797;Female;1;4;13551;No;16;3;4
RM580;34;121;2;804;Female;1;1;7530;No;11;3;6
RM584;34;1111;8;808;Female;2;1;13305;No;17;3;3
RM607;34;702;16;838;Female;1;4;8306;No;16;3;5
RM614;34;829;3;847;Male;1;4;2243;No;19;3;3
RM672;34;546;10;934;Male;1;2;6896;No;14;3;1
RM758;34;216;1;1047;Male;2;4;12278;No;11;3;15
RM764;34;1333;10;1055;Female;1;3;18410;Yes;19;3;1
RM795;34;618;3;1103;Male;2;4;22266;No;17;3;6
RM804;34;697;3;1115;Male;1;4;22478;No;17;3;0
RM823;34;1003;2;1140;Male;2;3;15834;No;11;3;3
RM835;34;1400;9;1163;Female;2;3;5829;No;20;4;6
RM848;34;669;1;1184;Male;2;1;25755;No;20;4;13
RM907;34;1320;20;1265;Female;1;3;21643;No;17;3;1
RM918;34;131;2;1281;Female;2;1;6039;Yes;12;3;3
RM921;34;135;19;1285;Female;2;2;22534;No;13;3;11
RM924;34;648;11;1289;Male;2;2;21833;No;11;3;10
RM959;34;943;9;1344;Male;3;4;5494;No;11;3;9
RM965;34;507;15;1356;Female;2;1;23553;No;12;3;10
RM978;34;999;26;1374;Female;1;3;15891;No;20;4;5
RM980;34;285;29;1377;Male;2;3;17491;No;13;3;8
RM984;34;404;2;1383;Female;2;4;6163;No;11;3;14
RM1016;34;560;1;1431;Male;1;1;20284;No;14;3;4
RM1028;34;401;1;1447;Female;1;2;3708;No;17;3;5
RM1040;34;1107;9;1467;Female;1;3;3072;No;15;3;2
RM1049;34;1326;3;1478;Male;2;1;15891;No;18;3;13
RM1056;34;829;15;1485;Male;4;1;11929;No;14;3;14
RM1059;34;790;24;1489;Female;2;2;7815;Yes;23;4;15
RM1085;34;971;1;1535;Male;3;3;12288;Yes;14;3;10
RM1088;34;1440;7;1541;Male;1;3;4944;Yes;25;4;11
RM1116;34;479;7;1577;Male;1;4;22061;No;13;3;1
RM1118;34;1351;1;1580;Male;2;4;13008;No;17;3;2
RM1132;34;653;10;1597;Male;2;3;15332;No;14;3;8
RM1147;34;426;10;1615;Male;2;4;17000;No;13;3;9
RM1180;34;1130;3;1658;Female;2;2;19332;No;12;3;11
RM1209;34;1157;5;1696;Male;2;4;11912;No;14;3;15
RM1213;34;678;19;1701;Female;1;4;20338;No;12;3;10
RM1253;34;181;2;1755;Male;1;4;5586;Yes;14;3;5
RM1268;34;1375;10;1774;Male;2;3;12313;Yes;14;3;15
RM1271;34;511;3;1779;Female;2;4;25353;No;12;3;2
RM1291;34;234;9;1807;Male;2;1;6208;No;17;3;7
RM1301;34;810;8;1823;Male;2;3;22128;No;21;4;10
RM1343;34;1480;4;1882;Male;3;4;24444;Yes;13;3;5
RM1354;34;967;16;1905;Male;1;1;14460;Yes;23;4;5
RM1360;34;735;3;1915;Female;2;4;16495;Yes;12;3;4
RM1369;34;735;22;1932;Male;2;4;26496;Yes;15;3;15
RM1385;34;937;1;1950;Male;3;4;6770;No;21;4;14
RM1386;34;1239;13;1951;Male;3;3;22914;No;18;3;8
RM1447;34;704;28;2035;Female;2;3;8978;No;21;4;8
RM1470;34;628;8;2068;Male;2;3;10228;No;12;3;4
RM1470;34;628;8;2068;Male;2;3;10228;No;12;3;4
RM011;35;809;16;14;Male;1;2;16479;No;13;3;5
RM038;35;890;2;49;Female;1;4;9687;No;13;3;2
RM041;35;464;4;53;Male;1;4;10910;No;12;3;1
RM050;35;1229;8;63;Male;1;4;4892;No;19;3;1
RM054;35;1097;11;70;Male;3;1;8302;Yes;13;3;4
RM057;35;853;18;74;Male;3;1;11031;No;22;4;9
RM058;35;1142;23;75;Female;1;1;16002;Yes;15;3;2
RM069;35;664;1;88;Male;1;1;5868;No;13;3;3
RM077;35;776;1;100;Male;2;1;23016;No;14;3;15
RM082;35;1214;1;105;Male;1;3;26278;No;18;3;6
RM152;35;662;1;204;Male;3;2;11439;No;13;3;10
RM193;35;556;23;261;Male;2;3;15497;Yes;13;3;1
RM197;35;138;2;269;Female;2;2;15986;No;11;3;6
RM229;35;944;1;314;Female;3;3;9096;No;14;3;10
RM277;35;1315;22;381;Female;3;2;19100;No;18;3;7
RM298;35;1232;16;406;Male;3;2;5100;No;15;3;11
RM345;35;1296;5;464;Male;3;2;18264;No;13;3;16
RM373;35;755;9;496;Male;2;2;19394;No;19;3;1
RM431;35;144;22;577;Male;1;3;19225;No;15;3;5
RM439;35;1276;16;586;Male;3;3;14295;Yes;12;3;8
RM448;35;619;1;600;Male;2;3;18659;No;11;3;11
RM462;35;195;1;620;Female;2;3;6698;No;16;3;5
RM484;35;538;25;652;Male;2;4;14004;No;14;3;3
RM509;35;1017;6;691;Male;2;4;19368;No;13;3;17
RM516;35;727;3;704;Male;1;3;16900;No;18;3;1
RM558;35;1225;2;771;Female;2;1;4761;No;11;3;1
RM581;35;384;8;805;Female;1;4;20317;No;16;3;3
RM597;35;1258;1;826;Female;1;3;13301;No;13;3;2
RM612;35;950;7;845;Male;3;3;18869;No;21;4;8
RM621;35;1343;27;856;Female;1;1;17852;No;11;3;6
RM636;35;607;9;880;Female;3;3;23457;Yes;20;4;17
RM637;35;130;25;881;Female;1;2;16612;Yes;19;3;10
RM648;35;672;25;899;Male;3;2;9129;No;16;3;13
RM677;35;1137;21;942;Female;2;4;19170;Yes;25;4;10
RM699;35;1219;18;975;Female;2;3;6179;No;16;3;5
RM705;35;882;3;984;Male;3;4;6812;No;13;3;10
RM726;35;622;14;1010;Male;1;2;10074;Yes;24;4;4
RM730;35;583;25;1014;Female;3;3;6975;Yes;11;3;16
RM741;35;802;10;1028;Male;1;4;9541;No;20;4;3
RM792;35;1204;4;1100;Male;3;1;10333;Yes;22;4;8
RM821;35;1182;11;1137;Male;2;4;18500;No;11;3;5
RM836;35;528;8;1164;Male;1;3;7108;No;17;3;5
RM841;35;982;1;1172;Male;1;3;16340;No;12;3;8
RM847;35;819;2;1182;Male;3;2;19588;No;18;3;7
RM849;35;636;4;1185;Male;1;4;26537;No;13;3;2
RM871;35;1361;17;1218;Male;2;1;21026;Yes;15;3;7
RM889;35;1212;8;1243;Female;3;4;13755;Yes;11;3;13
RM925;35;735;6;1291;Male;1;3;6020;Yes;14;3;3
RM962;35;482;4;1350;Male;2;3;2690;Yes;11;3;9
RM974;35;817;1;1369;Female;2;4;10846;No;12;3;9
RM982;35;662;18;1380;Female;2;3;23288;Yes;18;3;4
RM1003;35;200;18;1412;Male;3;4;19944;No;11;3;2
RM1060;35;660;7;1492;Male;1;3;16192;No;13;3;1
RM1082;35;1029;16;1529;Female;3;2;21195;No;19;3;11
RM1101;35;1402;28;1554;Female;1;3;26204;No;23;4;5
RM1109;35;992;1;1564;Male;1;1;21731;No;19;3;3
RM1111;35;104;2;1569;Female;1;1;26619;Yes;12;3;1
RM1124;35;670;10;1587;Female;2;3;4223;Yes;16;3;5
RM1131;35;750;28;1596;Male;2;3;25348;No;17;3;10
RM1135;35;1349;7;1601;Male;1;4;7713;No;18;3;1
RM1151;35;819;18;1621;Male;2;1;26312;No;11;3;16
RM1158;35;208;8;1630;Female;2;3;12250;No;12;3;14
RM1163;35;737;10;1639;Male;3;1;21530;No;17;3;13
RM1168;35;763;15;1645;Male;2;4;22098;Yes;14;3;2
RM1187;35;880;12;1667;Male;2;4;10414;Yes;24;4;11
RM1216;35;146;2;1704;Male;1;4;13970;Yes;14;3;5
RM1233;35;1370;27;1728;Male;2;3;5151;No;16;3;7
RM1282;35;303;27;1797;Male;2;4;13492;Yes;18;3;10
RM1289;35;1180;2;1804;Male;2;4;24442;No;14;3;7
RM1303;35;185;23;1826;Male;1;3;9696;No;16;3;5
RM1346;35;219;16;1886;Female;2;2;25388;Yes;11;3;3
RM1381;35;682;18;1945;Male;2;1;15975;No;16;3;5
RM1393;35;1224;7;1962;Female;2;4;13586;Yes;11;3;10
RM1423;35;1490;11;2003;Male;1;3;20232;Yes;11;3;2
RM1425;35;1395;9;2008;Male;2;3;18698;No;19;3;10
RM1451;35;1146;26;2040;Female;3;4;16642;Yes;16;3;9
RM1457;35;1199;18;2049;Male;2;3;24594;Yes;14;3;10
RM1459;35;287;1;2052;Female;1;4;8952;No;12;3;4
RM010;36;1299;27;13;Male;2;3;16577;No;13;3;7
RM022;36;1218;9;27;Male;1;1;6986;No;23;4;5
RM039;36;852;5;51;Female;1;1;13072;Yes;14;3;1
RM065;36;1223;8;83;Female;3;3;8202;No;13;3;17
RM067;36;1195;11;85;Male;2;2;22656;No;13;3;6
RM070;36;318;9;90;Male;1;3;21777;Yes;17;3;1
RM075;36;132;6;97;Female;1;4;22002;No;12;3;1
RM118;36;1467;11;154;Female;3;4;22952;No;14;3;9
RM119;36;922;3;155;Female;1;4;2561;No;22;4;1
RM136;36;216;6;178;Male;2;2;2819;No;20;4;3
RM173;36;1480;3;238;Male;1;2;15062;No;12;3;8
RM208;36;635;18;286;Female;1;4;7703;No;13;3;8
RM221;36;1396;5;304;Male;2;2;9945;No;16;3;13
RM270;36;1403;6;373;Male;1;4;20251;No;11;3;15
RM292;36;506;3;397;Male;2;2;26285;No;12;3;8
RM299;36;566;18;407;Male;1;4;7122;No;18;3;1
RM306;36;1105;24;419;Female;2;2;6927;No;15;3;9
RM359;36;845;1;479;Female;2;4;15276;No;15;3;1
RM360;36;541;3;481;Male;3;4;7246;No;11;3;13
RM378;36;329;2;501;Female;1;3;11868;No;13;3;2
RM385;36;164;2;513;Male;3;3;3809;No;13;3;10
RM443;36;635;10;592;Male;3;4;15318;No;14;3;10
RM512;36;913;9;699;Male;2;2;13934;Yes;11;3;3
RM542;36;427;8;742;Female;3;1;20335;No;14;3;8
RM570;36;1434;8;789;Male;3;1;14229;No;15;3;10
RM594;36;676;1;823;Female;2;2;23361;No;15;3;9
RM600;36;1041;13;829;Male;1;2;25527;No;13;3;5
RM622;36;928;1;857;Male;2;4;2823;Yes;14;3;18
RM634;36;1278;8;878;Male;1;1;8635;No;21;4;5
RM665;36;1425;14;924;Male;2;4;4821;Yes;17;3;16
RM681;36;188;7;949;Male;1;4;23293;No;18;3;6
RM688;36;938;2;958;Male;1;3;12287;No;21;4;11
RM694;36;530;3;967;Male;3;4;5518;Yes;11;3;16
RM709;36;1229;8;990;Male;2;4;25952;No;13;3;7
RM753;36;885;16;1042;Female;1;1;8269;No;16;3;17
RM762;36;660;15;1052;Male;2;3;7858;No;14;3;1
RM774;36;796;12;1073;Female;3;4;15669;No;11;3;14
RM818;36;217;18;1133;Male;2;4;23238;No;20;4;11
RM874;36;917;6;1221;Male;1;3;6865;No;14;3;7
RM883;36;363;1;1237;Female;3;1;4235;Yes;21;4;7
RM901;36;469;3;1257;Male;1;2;9256;No;12;3;11
RM928;36;429;2;1294;Female;2;2;2323;Yes;11;3;16
RM943;36;325;10;1312;Female;3;3;5747;No;12;3;7
RM969;36;607;7;1362;Female;2;1;2261;No;16;3;15
RM1012;36;1174;3;1425;Female;2;2;20763;Yes;16;3;5
RM1019;36;172;4;1435;Male;2;4;22604;No;16;3;10
RM1020;36;329;16;1436;Female;2;1;13494;No;13;3;3
RM1103;36;1157;2;1556;Male;1;4;17001;Yes;21;4;3
RM1122;36;884;1;1585;Female;2;3;21447;No;13;3;1
RM1129;36;1302;6;1594;Male;2;1;19711;Yes;13;3;3
RM1146;36;559;12;1614;Female;2;3;12421;Yes;12;3;3
RM1174;36;711;5;1651;Female;3;1;22792;No;12;3;3
RM1181;36;311;7;1659;Male;1;2;10950;No;11;3;4
RM1183;36;894;1;1662;Female;2;3;15411;No;15;3;3
RM1184;36;1040;3;1664;Male;2;1;26308;No;20;4;5
RM1200;36;1351;26;1682;Male;2;3;7419;No;14;3;3
RM1221;36;530;2;1710;Female;2;4;7439;No;15;3;13
RM1237;36;1456;13;1733;Male;2;1;8658;Yes;13;3;2
RM1279;36;1383;10;1790;Male;3;1;25949;Yes;13;3;12
RM1316;36;430;2;1847;Female;2;2;19573;Yes;22;4;1
RM1341;36;1266;10;1880;Female;2;3;6060;Yes;13;3;10
RM1348;36;1213;2;1890;Male;2;4;4223;No;21;4;10
RM1356;36;335;17;1908;Male;2;2;16822;No;16;3;4
RM1384;36;1351;9;1949;Male;1;2;9238;No;22;4;5
RM1440;36;557;3;2024;Female;3;4;12695;No;19;3;9
RM1441;36;688;4;2025;Female;2;2;9192;No;13;3;4
RM1448;36;301;15;2036;Male;2;4;10436;No;24;4;15
RM1454;36;1120;11;2045;Female;2;4;14369;No;13;3;6
RM1466;36;884;23;2061;Male;2;4;12290;No;17;3;5
RM1466;36;884;23;2061;Male;2;4;12290;No;17;3;5
RM003;37;1373;2;4;Male;1;3;2396;Yes;15;3;0
RM048;37;408;19;61;Male;1;2;10227;No;21;4;1
RM060;37;1115;1;77;Male;2;3;2689;No;18;3;7
RM079;37;397;7;102;Male;3;3;25258;No;13;3;5
RM101;37;807;6;133;Male;1;1;23648;Yes;22;4;3
RM105;37;1040;2;139;Male;2;4;15850;No;14;3;1
RM116;37;1189;3;152;Male;3;4;14506;No;12;3;5
RM196;37;290;21;267;Male;1;1;22977;Yes;12;3;8
RM223;37;663;11;306;Male;3;4;10056;Yes;14;3;10
RM227;37;319;4;311;Male;1;4;2539;No;17;3;9
RM249;37;1017;1;340;Female;1;1;18697;No;14;3;3
RM251;37;504;10;342;Male;3;3;22573;No;11;3;1
RM274;37;228;6;378;Male;2;4;22825;No;14;3;5
RM276;37;728;1;380;Female;3;4;11677;Yes;18;3;5
RM286;37;1372;1;391;Female;1;4;15881;No;12;3;17
RM295;37;889;9;403;Male;1;4;11411;Yes;12;3;4
RM341;37;1192;5;460;Male;2;4;23177;No;16;3;6
RM354;37;1319;6;474;Male;2;1;17001;Yes;13;3;7
RM365;37;921;10;486;Female;1;1;17663;No;20;4;5
RM387;37;1107;14;515;Female;1;1;26914;No;12;3;18
RM390;37;1305;10;518;Male;2;2;21123;Yes;12;3;1
RM399;37;1063;25;529;Female;2;3;23866;Yes;15;3;13
RM465;37;799;1;623;Female;3;4;23848;No;17;3;6
RM468;37;142;9;626;Male;3;2;24666;No;13;3;9
RM473;37;446;1;635;Female;2;2;15701;No;12;3;6
RM487;37;558;2;656;Male;2;3;3010;Yes;11;3;3
RM507;37;482;3;689;Male;3;3;9606;No;15;3;10
RM523;37;1225;10;715;Male;1;4;15232;No;17;3;1
RM578;37;571;10;802;Female;1;1;19905;Yes;13;3;5
RM629;37;342;16;868;Male;2;3;24558;No;19;3;1
RM649;37;1231;21;900;Female;1;4;21222;No;15;3;5
RM653;37;1252;19;904;Male;3;2;4814;Yes;13;3;10
RM696;37;625;1;970;Male;3;3;14922;No;11;3;14
RM745;37;1141;11;1033;Female;2;2;14382;No;15;3;1
RM768;37;124;3;1062;Female;2;2;13848;No;15;3;4
RM796;37;309;10;1105;Female;2;4;24223;Yes;14;3;1
RM833;37;367;25;1161;Female;2;4;17171;No;13;3;6
RM856;37;977;1;1196;Female;2;4;9961;No;13;3;14
RM990;37;1439;4;1394;Male;1;3;5182;Yes;15;3;6
RM1002;37;1462;11;1411;Female;1;3;19106;No;18;3;3
RM1023;37;1413;5;1440;Male;1;3;25470;No;14;3;6
RM1090;37;674;13;1543;Male;2;4;3031;No;17;3;10
RM1159;37;671;19;1631;Male;2;3;26493;No;17;3;4
RM1164;37;1470;10;1640;Female;1;2;9953;No;11;3;8
RM1212;37;1278;1;1700;Male;2;4;7677;No;14;3;6
RM1277;37;589;9;1787;Male;2;2;8800;No;14;3;5
RM1281;37;1239;8;1794;Male;2;2;12832;No;13;3;10
RM1292;37;370;10;1809;Male;2;1;4992;No;15;3;10
RM1345;37;783;7;1885;Male;2;1;13588;Yes;22;4;5
RM1433;37;161;10;2017;Female;3;4;15471;Yes;25;4;16
RM009;38;216;23;12;Male;3;3;8787;No;21;4;9
RM020;38;371;2;24;Male;1;4;4306;Yes;11;3;3
RM062;38;653;29;79;Female;2;4;5456;No;11;3;10
RM084;38;573;6;107;Female;2;4;15717;Yes;12;3;13
RM143;38;364;3;193;Female;2;3;2302;Yes;20;4;3
RM169;38;702;1;230;Female;2;4;12930;No;22;4;8
RM180;38;1380;9;245;Female;1;4;6319;No;12;3;2
RM199;38;1261;2;271;Male;2;3;7259;No;14;3;1
RM200;38;1084;29;273;Male;2;4;4185;No;18;3;7
RM205;38;1180;29;282;Male;2;1;11354;Yes;19;3;1
RM224;38;119;3;307;Male;3;3;9647;No;12;3;16
RM262;38;1327;2;361;Male;2;4;19682;No;18;3;8
RM278;38;322;7;382;Female;2;1;19191;Yes;24;4;8
RM288;38;688;23;393;Male;2;4;18899;No;14;3;2
RM308;38;849;25;421;Female;3;2;26707;No;17;3;10
RM342;38;343;15;461;Male;3;4;15682;Yes;14;3;11
RM417;38;1490;2;556;Male;1;4;12106;Yes;23;4;1
RM472;38;1495;10;634;Female;2;3;22174;No;19;3;1
RM491;38;362;1;662;Female;1;1;14561;No;17;3;0
RM519;38;243;7;709;Female;2;4;7791;No;20;4;7
RM530;38;827;1;724;Female;2;4;19383;No;13;3;9
RM543;38;168;1;743;Female;3;3;15397;Yes;14;3;1
RM560;38;268;2;773;Male;1;3;20471;Yes;13;3;1
RM579;38;240;2;803;Female;2;1;26085;Yes;12;3;15
RM606;38;471;12;837;Male;2;1;4284;No;15;3;4
RM643;38;395;9;893;Male;1;2;12102;No;19;3;2
RM682;38;1333;1;950;Female;3;1;16292;No;13;3;15
RM704;38;152;10;983;Female;2;4;19899;Yes;13;3;5
RM723;38;1391;10;1006;Male;1;3;12127;No;17;3;2
RM748;38;1035;3;1036;Male;2;4;4981;Yes;12;3;1
RM766;38;1186;3;1060;Male;1;3;2997;No;16;3;2
RM785;38;330;17;1088;Female;3;3;24608;No;18;3;19
RM808;38;770;10;1119;Male;3;3;5569;Yes;14;3;8
RM812;38;130;2;1125;Male;3;2;20619;No;16;3;1
RM827;38;433;1;1152;Male;1;3;6004;No;13;3;7
RM964;38;1009;2;1355;Female;2;1;19461;No;15;3;7
RM983;38;693;7;1382;Male;1;3;15748;No;11;3;4
RM1108;38;888;10;1563;Male;2;3;14814;No;11;3;6
RM1113;38;903;2;1573;Male;2;2;7653;No;11;3;5
RM1120;38;1245;14;1582;Male;2;2;12355;No;11;3;9
RM1121;38;437;16;1583;Female;2;2;16379;No;12;3;3
RM1162;38;397;2;1638;Female;3;3;14199;Yes;19;3;5
RM1188;38;1189;1;1668;Male;2;4;9867;No;15;3;13
RM1194;38;148;2;1675;Female;1;2;23826;No;22;4;4
RM1203;38;1495;4;1687;Female;1;3;26176;No;19;3;0
RM1257;38;594;2;1760;Female;1;2;15963;No;14;3;6
RM1262;38;833;18;1766;Male;2;4;24539;Yes;16;3;1
RM1273;38;1153;6;1782;Female;1;3;16376;No;11;3;5
RM1290;38;1336;2;1805;Male;1;2;7129;No;13;3;11
RM1309;38;723;2;1835;Female;2;4;4244;Yes;20;4;4
RM1374;38;1394;8;1937;Female;2;2;18115;Yes;16;3;20
RM1377;38;1206;9;1940;Male;1;4;14293;No;19;3;5
RM1392;38;1404;1;1961;Male;1;1;11473;No;14;3;1
RM1401;38;1444;1;1972;Male;1;2;5224;Yes;11;3;6
RM1417;38;1321;1;1995;Male;2;2;7636;No;15;3;15
RM1419;38;508;6;1997;Male;2;3;14284;No;11;3;8
RM1431;38;201;10;2015;Female;3;3;3376;No;12;3;18
RM1452;38;345;10;2041;Female;2;4;5982;No;11;3;10
RM034;39;895;5;42;Male;2;4;3335;No;14;3;1
RM138;39;1329;4;182;Female;2;3;14590;No;14;3;15
RM241;39;1431;1;332;Female;1;3;15417;No;14;3;3
RM252;39;505;2;343;Female;3;3;6420;No;25;4;19
RM305;39;1132;1;417;Male;3;4;10942;No;17;3;18
RM315;39;117;10;429;Male;4;1;5355;Yes;14;3;21
RM327;39;672;7;444;Male;5;4;21141;No;15;3;21
RM328;39;1162;3;445;Female;2;3;17778;Yes;18;3;1
RM401;39;1218;1;531;Male;5;3;8213;Yes;14;3;21
RM450;39;443;8;602;Female;1;3;17872;No;11;3;8
RM527;39;408;2;721;Female;2;3;20978;No;11;3;20
RM552;39;141;3;760;Female;2;2;18767;No;15;3;8
RM655;39;1383;2;909;Female;2;4;7790;No;11;3;5
RM670;39;1122;6;932;Male;1;1;4303;Yes;21;4;2
RM706;39;903;2;985;Male;3;3;2560;No;18;3;8
RM739;39;466;1;1026;Female;4;4;7060;No;16;3;21
RM754;39;945;22;1043;Female;3;1;5083;Yes;13;3;21
RM814;39;203;2;1127;Male;4;4;13547;No;11;3;18
RM817;39;439;9;1132;Male;2;2;8770;No;15;3;5
RM938;39;412;13;1307;Female;4;2;17334;Yes;13;3;19
RM941;39;360;23;1310;Male;1;1;22154;No;13;3;5
RM950;39;524;18;1322;Male;2;3;13352;No;11;3;8
RM987;39;1498;21;1390;Male;2;4;3567;Yes;12;3;5
RM993;39;1485;25;1397;Male;3;3;3449;No;21;4;6
RM1033;39;592;2;1458;Female;1;1;17181;Yes;23;4;1
RM1080;39;1089;6;1525;Female;3;2;9150;No;18;3;2
RM1125;39;1462;6;1588;Male;3;3;4658;No;11;3;7
RM1149;39;1387;10;1618;Male;2;1;3835;No;13;3;7
RM1156;39;170;3;1627;Male;2;3;10302;No;15;3;10
RM1160;39;711;4;1633;Female;2;3;3140;No;13;3;9
RM1176;39;492;12;1654;Male;2;2;7693;No;21;4;5
RM1241;39;792;1;1737;Male;2;4;8989;Yes;15;3;9
RM1285;39;1253;10;1800;Male;3;3;7914;No;21;4;4
RM1293;39;766;20;1812;Male;2;4;19188;No;18;3;2
RM1336;39;835;19;1871;Male;2;4;5141;No;14;3;2
RM1367;39;1251;21;1929;Female;2;3;3987;No;19;3;3
RM1373;39;867;9;1936;Male;2;1;12315;No;25;4;10
RM1404;39;119;15;1975;Male;4;1;25098;No;12;3;20
RM1430;39;116;24;2014;Male;2;4;5340;No;13;3;7
RM1438;39;105;9;2022;Male;5;4;15302;No;13;3;6
RM1463;39;722;24;2056;Female;4;4;8828;No;11;3;20
RM1467;39;613;6;2062;Male;3;1;21457;No;15;3;7
RM1463;39;722;24;2056;Female;4;4;8828;No;11;3;20
RM1467;39;613;6;2062;Male;3;1;21457;No;15;3;7
RM091;40;530;1;119;Male;4;2;14115;No;22;4;22
RM151;40;1395;26;202;Female;2;2;8504;No;11;3;20
RM159;40;630;4;215;Male;3;4;8552;No;11;3;12
RM187;40;989;4;253;Female;5;3;6499;No;14;3;20
RM204;40;905;19;281;Male;2;4;16523;Yes;15;3;7
RM209;40;1151;9;287;Male;2;4;14242;No;14;3;3
RM244;40;1300;24;335;Male;2;4;24447;No;17;3;9
RM258;40;1416;2;352;Male;5;3;5949;No;19;3;21
RM336;40;1124;1;453;Male;2;4;13273;Yes;22;4;4
RM362;40;1171;10;483;Female;1;3;22495;Yes;13;3;7
RM369;40;575;22;492;Male;2;3;6110;Yes;12;3;6
RM388;40;759;2;516;Female;2;2;22553;No;12;3;5
RM392;40;555;2;521;Female;2;3;13436;No;22;4;1
RM418;40;1398;2;558;Female;5;3;13022;No;14;3;20
RM449;40;302;6;601;Female;4;3;20364;No;15;3;20
RM459;40;1094;28;615;Male;3;1;11373;No;15;3;1
RM534;40;580;5;729;Male;3;1;23772;Yes;21;4;18
RM554;40;804;2;763;Female;1;4;22929;Yes;20;4;4
RM583;40;791;2;807;Female;2;2;9931;No;24;4;8
RM602;40;720;16;832;Male;2;3;11983;No;14;3;1
RM685;40;658;10;954;Male;3;2;20652;No;12;3;1
RM692;40;1469;9;964;Male;1;2;25063;Yes;14;3;1
RM707;40;1479;24;986;Female;4;2;17071;Yes;16;3;1
RM769;40;300;26;1066;Male;2;1;22217;No;14;3;7
RM786;40;1492;20;1092;Male;3;4;26542;No;20;4;11
RM815;40;1308;14;1128;Male;5;3;17544;No;14;3;20
RM838;40;593;9;1166;Female;3;3;13782;No;17;3;18
RM846;40;902;26;1180;Female;2;4;21203;Yes;13;3;1
RM867;40;1184;2;1212;Male;2;2;25440;No;12;3;0
RM885;40;107;10;1239;Female;2;2;11591;No;12;3;5
RM947;40;299;25;1318;Male;3;2;17235;Yes;12;3;5
RM958;40;458;16;1340;Male;1;3;8532;No;16;3;4
RM960;40;523;2;1346;Male;2;4;22455;No;13;3;9
RM968;40;329;1;1361;Male;1;2;6762;No;22;4;4
RM979;40;1202;2;1375;Female;2;3;13888;No;20;4;12
RM1030;40;663;9;1449;Male;2;3;23099;No;11;3;8
RM1041;40;218;8;1468;Male;3;2;25178;No;11;3;9
RM1046;40;896;2;1474;Male;1;3;8045;No;14;3;3
RM1084;40;676;9;1534;Male;1;1;21831;No;14;3;5
RM1095;40;1342;9;1548;Male;2;1;19345;No;12;3;8
RM1097;40;898;6;1550;Male;4;4;17381;Yes;21;4;21
RM1099;40;1142;8;1552;Male;2;4;8841;Yes;18;3;2
RM1133;40;118;14;1598;Female;2;1;11262;No;15;3;5
RM1157;40;884;15;1628;Female;3;3;25800;No;13;3;18
RM1165;40;448;16;1641;Female;3;4;19948;Yes;15;3;4
RM1172;40;1329;7;1649;Male;1;1;3339;Yes;14;3;4
RM1230;40;369;8;1724;Female;2;1;5041;Yes;16;3;1
RM1243;40;611;7;1740;Male;5;2;4349;No;14;3;21
RM1287;40;616;2;1802;Female;1;1;25605;No;17;3;4
RM1300;40;1194;1;1822;Female;2;4;9060;No;17;3;5
RM1305;40;750;12;1829;Female;2;1;10748;No;12;3;7
RM1349;40;1137;1;1892;Male;4;1;18991;No;11;3;19
RM1410;40;692;11;1985;Female;2;3;26849;No;11;3;10
RM1411;40;444;2;1986;Female;2;2;4258;No;14;3;11
RM1428;40;543;1;2012;Male;1;4;4060;No;19;3;1
RM1456;40;1322;2;2048;Male;1;3;2725;No;14;3;2
RM1458;40;1194;2;2051;Female;1;3;12549;No;14;3;5
RM001;41;1102;1;1;Female;2;4;19479;Yes;11;3;6
RM046;41;1360;12;58;Female;5;3;16280;No;12;3;22
RM134;41;802;9;176;Male;3;3;21196;Yes;13;3;9
RM148;41;857;10;199;Male;4;1;12888;No;13;3;7
RM149;41;933;9;200;Male;1;1;6961;No;21;4;5
RM167;41;465;14;227;Male;1;3;4609;No;12;3;9
RM183;41;1356;20;248;Female;1;2;21728;Yes;22;4;4
RM216;41;896;6;298;Female;3;4;14674;Yes;18;3;1
RM243;41;1411;19;334;Male;2;1;19877;No;16;3;1
RM301;41;334;2;410;Male;4;2;15896;No;19;3;22
RM347;41;483;6;466;Male;2;2;10110;Yes;15;3;5
RM367;41;143;4;488;Male;2;2;9558;No;18;3;8
RM404;41;645;1;534;Male;3;1;19566;No;16;3;10
RM447;41;267;10;599;Male;2;4;13430;No;14;3;14
RM460;41;509;2;616;Female;2;3;2112;Yes;17;3;8
RM467;41;1276;2;625;Female;4;1;5626;No;16;3;18
RM536;41;427;10;731;Male;5;4;8861;No;15;3;21
RM539;41;314;1;734;Male;5;3;19562;No;12;3;22
RM668;41;1085;2;927;Female;1;4;17725;Yes;13;3;7
RM687;41;263;6;957;Male;1;1;3119;Yes;13;3;18
RM717;41;840;9;999;Male;5;3;3735;No;17;3;18
RM738;41;549;7;1025;Female;2;3;23371;No;14;3;2
RM747;41;247;7;1035;Female;5;3;20284;No;22;4;21
RM784;41;509;7;1085;Female;1;3;18863;No;13;3;10
RM831;41;167;12;1158;Male;1;4;9051;Yes;11;3;1
RM865;41;906;5;1210;Male;1;1;20293;No;17;3;1
RM952;41;256;10;1329;Male;2;2;22074;No;13;3;19
RM961;41;1018;1;1349;Female;2;1;4297;No;17;3;9
RM989;41;1200;22;1392;Female;2;4;13953;Yes;14;3;6
RM1029;41;1283;5;1448;Male;1;3;5561;Yes;12;3;4
RM1197;41;1206;23;1678;Male;3;3;11591;Yes;16;3;2
RM1219;41;918;6;1708;Male;3;3;15869;No;12;3;10
RM1229;41;552;4;1722;Male;2;2;20794;No;19;3;3
RM1267;41;548;9;1772;Male;1;1;20520;No;20;4;5
RM1295;41;447;5;1814;Male;2;2;15530;No;12;3;3
RM1296;41;796;4;1815;Female;3;3;26458;Yes;13;3;22
RM1357;41;337;8;1909;Female;2;2;26841;No;21;4;5
RM1421;41;642;1;1999;Male;1;4;21412;No;22;4;5
RM1446;41;582;28;2034;Female;4;2;5640;No;23;4;20
RM1449;41;930;3;2037;Male;2;2;12227;No;11;3;5
RM028;42;691;8;35;Male;2;2;21173;No;11;3;9
RM198;42;926;21;270;Female;2;3;16439;No;16;3;5
RM232;42;532;4;319;Male;5;4;4933;No;11;3;22
RM254;42;916;17;347;Female;2;1;23016;Yes;13;3;3
RM257;42;269;2;351;Female;1;1;8007;Yes;11;3;9
RM282;42;635;1;387;Male;2;3;24532;No;25;4;20
RM296;42;555;26;404;Female;4;2;14864;No;14;3;20
RM349;42;810;23;468;Female;4;4;15901;No;14;3;1
RM351;42;544;2;470;Male;1;3;24017;Yes;11;3;3
RM357;42;1332;2;477;Male;2;4;17078;No;23;4;1
RM389;42;201;1;517;Female;1;1;20490;No;16;3;5
RM410;42;532;29;547;Female;2;3;12932;No;11;3;5
RM414;42;1368;28;551;Female;2;4;4386;No;11;3;6
RM442;42;1474;5;591;Male;1;3;9260;No;17;3;2
RM452;42;319;24;605;Male;3;1;6950;Yes;21;4;10
RM489;42;622;2;659;Female;2;4;5718;No;13;3;10
RM548;42;933;19;752;Male;1;3;20366;Yes;12;3;2
RM585;42;570;8;809;Male;5;4;16225;No;13;3;24
RM598;42;932;1;827;Female;2;4;4051;Yes;13;3;4
RM605;42;933;29;836;Male;2;2;11806;No;13;3;9
RM633;42;1271;2;875;Male;1;4;9068;Yes;14;3;2
RM644;42;1265;3;894;Female;2;4;23726;Yes;13;3;5
RM673;42;462;14;936;Female;2;3;7824;No;17;3;5
RM742;42;265;5;1029;Male;5;3;7770;No;13;3;1
RM800;42;469;2;1109;Male;4;1;14399;No;17;3;22
RM825;42;188;29;1148;Male;2;4;9558;No;19;3;1
RM839;42;481;12;1167;Male;4;1;2447;Yes;12;3;21
RM840;42;647;4;1171;Male;2;1;2253;No;13;3;6
RM879;42;179;2;1231;Male;2;1;12858;No;16;3;4
RM888;42;458;26;1242;Female;3;1;23281;Yes;17;3;1
RM926;42;603;7;1292;Female;2;2;5628;Yes;16;3;1
RM955;42;495;2;1334;Male;4;3;26582;Yes;13;3;20
RM1000;42;1147;10;1408;Female;4;1;16616;No;14;3;20
RM1051;42;748;9;1480;Female;1;4;16458;No;13;3;12
RM1089;42;1210;2;1542;Male;1;2;24052;No;14;3;1
RM1094;42;288;2;1547;Male;3;4;18611;Yes;14;3;20
RM1130;42;1059;9;1595;Male;5;4;26362;No;22;4;1
RM1264;42;855;12;1768;Male;1;2;8952;No;22;4;5
RM1288;42;1128;13;1803;Male;2;1;5696;No;18;3;0
RM1321;42;355;10;1854;Male;1;3;6161;No;22;4;6
RM1326;42;1142;8;1860;Male;1;3;13624;No;13;3;0
RM1358;42;1396;6;1911;Male;3;1;14842;No;13;3;13
RM1379;42;419;12;1943;Male;2;4;2900;Yes;12;3;0
RM1405;42;335;23;1976;Male;2;3;14811;No;12;3;20
RM1420;42;557;18;1998;Male;2;1;11189;Yes;17;3;4
RM1444;42;300;2;2031;Male;5;3;17312;No;11;3;22
RM036;43;1273;2;46;Female;1;3;21923;No;12;3;5
RM120;43;394;26;158;Male;4;4;19494;Yes;12;3;25
RM131;43;957;28;171;Female;1;3;16090;No;12;3;3
RM194;43;1344;7;262;Male;1;4;5228;No;14;3;5
RM236;43;1034;16;327;Female;4;4;7744;Yes;22;4;17
RM316;43;185;10;430;Female;1;4;10675;No;19;3;8
RM331;43;559;10;448;Female;2;3;6227;No;11;3;9
RM334;43;1001;7;451;Female;3;1;9262;No;16;3;1
RM391;43;982;12;520;Male;4;2;4345;No;11;3;25
RM396;43;313;21;525;Male;1;4;15238;No;20;4;3
RM397;43;1473;8;526;Female;2;3;2227;Yes;14;3;5
RM490;43;782;6;661;Male;4;4;2671;Yes;14;3;1
RM492;43;1001;9;663;Male;2;3;19627;Yes;13;3;8
RM549;43;775;15;754;Male;2;4;23683;No;18;3;2
RM610;43;589;14;843;Male;4;1;5200;No;24;4;4
RM651;43;422;1;902;Female;2;4;21782;No;13;3;5
RM662;43;177;8;920;Female;2;2;23814;No;21;4;1
RM776;43;415;25;1076;Male;3;4;5268;No;13;3;1
RM813;43;1082;27;1126;Female;3;1;11535;No;11;3;8
RM850;43;1372;9;1188;Female;2;3;9489;No;13;3;4
RM899;43;920;3;1255;Male;5;4;18625;No;14;3;8
RM927;43;531;4;1293;Female;3;4;20364;No;14;3;21
RM996;43;930;6;1402;Female;2;3;20003;Yes;14;3;20
RM1134;43;990;27;1599;Male;1;2;5855;No;12;3;6
RM1186;43;1291;15;1666;Male;4;3;3525;No;24;4;14
RM1217;43;1179;2;1706;Male;2;4;6069;Yes;17;3;10
RM1263;43;807;17;1767;Male;1;3;15587;Yes;16;3;1
RM1270;43;244;2;1778;Male;1;4;5033;No;13;3;9
RM1294;43;343;9;1813;Male;1;3;24978;No;13;3;3
RM1317;43;1422;2;1849;Male;2;4;19246;No;20;4;7
RM1331;43;823;6;1866;Female;5;3;22539;No;13;3;16
RM1400;43;574;11;1971;Male;3;3;16873;No;17;3;10
RM029;44;477;7;36;Female;3;4;2094;No;14;3;22
RM032;44;1459;10;40;Male;2;4;19121;Yes;13;3;4
RM053;44;1488;1;68;Female;2;1;4009;Yes;21;4;4
RM100;44;489;23;132;Male;2;2;25043;No;12;3;3
RM287;44;920;24;392;Male;1;3;19920;Yes;22;4;1
RM494;44;1112;1;665;Female;2;3;26894;No;11;3;2
RM498;44;1315;3;671;Male;5;4;9358;Yes;12;3;2
RM544;44;381;24;744;Male;1;3;2104;No;14;3;5
RM618;44;625;4;852;Male;2;2;5197;No;12;3;5
RM632;44;986;8;874;Male;1;4;5044;Yes;24;4;3
RM659;44;661;9;913;Male;1;1;7508;Yes;13;3;8
RM751;44;1448;28;1039;Female;4;4;11737;Yes;18;3;12
RM790;44;1376;1;1098;Male;3;1;2326;No;14;3;20
RM858;44;1097;10;1200;Male;1;3;10826;Yes;11;3;6
RM863;44;111;17;1206;Male;1;3;4279;No;13;3;0
RM876;44;200;29;1225;Male;2;4;7744;No;25;4;20
RM892;44;1117;2;1246;Female;1;4;19982;No;13;3;10
RM908;44;1099;5;1267;Male;5;2;8751;No;11;3;22
RM923;44;1199;4;1288;Male;5;1;17477;No;14;3;25
RM929;44;621;15;1295;Female;3;4;14075;No;11;3;10
RM954;44;935;3;1333;Male;1;1;14669;No;12;3;3
RM1043;44;981;5;1471;Male;1;3;7973;No;14;3;5
RM1047;44;1467;20;1475;Male;1;2;21158;No;13;3;5
RM1052;44;383;1;1481;Female;2;3;9282;No;12;3;1
RM1063;44;1193;2;1496;Male;3;3;19719;Yes;18;3;2
RM1079;44;136;28;1523;Male;4;1;22074;No;13;3;20
RM1141;44;1313;7;1608;Female;5;4;3549;Yes;14;3;22
RM1166;44;602;1;1642;Male;2;4;10503;Yes;11;3;10
RM1201;44;528;1;1683;Female;1;4;4167;Yes;18;3;2
RM1215;44;921;2;1703;Female;3;4;14810;Yes;19;3;8
RM1280;44;429;1;1792;Male;1;2;11092;Yes;12;3;5
RM1353;44;170;1;1903;Male;2;1;9364;No;15;3;2
RM1436;44;1037;1;2020;Male;1;4;13422;Yes;12;3;4
RM068;45;1339;7;86;Male;3;1;18787;No;17;3;1
RM078;45;193;6;101;Male;3;1;15067;Yes;14;3;0
RM142;45;1316;29;192;Male;1;4;9752;No;13;3;6
RM154;45;194;9;206;Male;2;2;10901;No;18;3;17
RM175;45;1268;4;240;Female;2;1;6319;Yes;11;3;5
RM195;45;1195;2;264;Male;4;4;20462;No;23;4;20
RM219;45;1052;6;302;Female;3;4;16840;No;12;3;19
RM245;45;252;1;336;Male;5;4;15970;No;11;3;24
RM250;45;1199;7;341;Male;2;3;5118;No;17;3;3
RM269;45;1385;20;372;Male;4;4;7501;Yes;14;3;20
RM312;45;1249;7;425;Male;3;1;20308;No;18;3;24
RM335;45;549;8;452;Male;2;4;9278;No;14;3;10
RM408;45;192;10;544;Male;1;4;9655;No;21;4;2
RM453;45;561;2;606;Male;2;2;16177;No;19;3;8
RM505;45;306;26;684;Female;2;1;5630;No;14;3;1
RM565;45;954;2;783;Male;2;3;12388;No;13;3;8
RM604;45;252;2;834;Female;1;3;6153;No;14;3;1
RM626;45;930;9;864;Male;3;1;19239;Yes;12;3;5
RM697;45;805;4;972;Male;2;2;23163;No;12;3;9
RM714;45;974;1;996;Female;1;4;11005;No;14;3;5
RM719;45;248;23;1002;Male;2;1;14039;Yes;15;3;9
RM756;45;1234;11;1045;Female;4;4;5404;No;13;3;9
RM760;45;788;24;1049;Male;1;2;8318;No;16;3;6
RM806;45;1050;9;1117;Female;2;3;17970;No;13;3;15
RM855;45;1457;7;1195;Female;1;3;20100;Yes;19;3;3
RM914;45;1449;2;1277;Female;5;2;2493;Yes;16;3;24
RM937;45;364;25;1306;Female;5;2;13035;No;22;4;0
RM1035;45;1038;20;1460;Male;3;1;19863;Yes;18;3;7
RM1038;45;1448;29;1465;Male;3;4;14720;Yes;18;3;3
RM1093;45;950;28;1546;Male;1;4;4585;No;20;4;5
RM1100;45;538;1;1553;Male;3;2;20933;No;12;3;10
RM1143;45;1015;5;1611;Female;2;1;23447;Yes;14;3;10
RM1144;45;336;26;1612;Male;2;1;24162;No;15;3;10
RM1161;45;1329;2;1635;Female;2;4;5388;No;19;3;10
RM1222;45;1238;1;1712;Male;3;3;3395;No;23;4;23
RM1226;45;1005;28;1719;Female;4;2;17119;No;11;3;21
RM1244;45;176;4;1744;Female;3;3;6595;No;21;4;5
RM1315;45;589;2;1845;Female;2;3;19665;No;22;4;8
RM1347;45;556;25;1888;Female;2;4;23888;No;13;3;9
RM1363;45;1297;1;1922;Male;2;3;14511;No;12;3;4
RM1455;45;374;20;2046;Female;2;3;23333;No;15;3;5
RM030;46;705;2;38;Female;5;1;22822;No;12;3;2
RM049;46;1211;5;62;Male;2;4;20445;Yes;21;4;9
RM080;46;945;5;103;Male;2;2;10425;Yes;22;4;4
RM090;46;669;9;118;Male;3;4;13596;No;16;3;9
RM094;46;638;1;124;Male;3;1;3142;Yes;13;3;10
RM179;46;526;1;244;Female;3;1;2137;No;25;4;24
RM210;46;644;1;288;Male;3;1;12368;No;16;3;4
RM264;46;488;2;363;Female;4;2;14977;Yes;12;3;7
RM366;46;1144;7;487;Female;2;3;16044;No;14;3;1
RM413;46;1485;18;550;Female;2;3;26314;No;14;3;10
RM430;46;1009;2;575;Male;4;3;2288;No;13;3;3
RM434;46;1125;10;580;Female;3;4;11563;Yes;19;3;3
RM466;46;1034;18;624;Female;3;3;8984;No;11;3;2
RM724;46;566;7;1007;Male;3;3;24208;No;13;3;8
RM771;46;430;1;1069;Male;5;4;21445;No;17;3;2
RM779;46;1003;8;1080;Female;2;1;21029;Yes;23;4;16
RM811;46;406;3;1124;Male;4;3;15596;No;12;3;12
RM862;46;1402;2;1204;Female;4;1;24097;No;23;4;26
RM870;46;1450;15;1217;Male;5;2;10849;No;11;3;4
RM878;46;150;2;1228;Male;2;4;17433;No;11;3;6
RM917;46;168;4;1280;Female;5;2;9946;No;14;3;11
RM944;46;991;1;1314;Female;1;1;22957;No;12;3;7
RM1032;46;377;9;1457;Male;3;4;15986;No;11;3;7
RM1081;46;228;3;1527;Female;4;2;11380;No;12;3;13
RM1136;46;563;1;1602;Male;4;1;3156;No;15;3;26
RM1232;46;717;13;1727;Male;2;2;9697;No;14;3;10
RM1236;46;1277;2;1732;Male;3;4;5596;Yes;12;3;10
RM1278;46;734;2;1789;Male;5;4;14218;Yes;17;3;2
RM1286;46;849;26;1801;Male;2;2;25166;No;15;3;2
RM1299;46;261;21;1821;Female;2;2;10842;No;22;4;9
RM1323;46;706;2;1857;Male;3;4;19989;No;14;3;9
RM1328;46;1319;3;1863;Female;4;1;7739;No;12;3;19
RM1334;46;1254;10;1869;Female;3;2;14011;No;21;4;8
RM272;47;666;29;376;Male;3;2;10268;Yes;12;3;10
RM330;47;1482;5;447;Male;5;3;16375;No;11;3;3
RM348;47;1309;4;467;Male;2;3;25751;No;19;3;0
RM429;47;983;2;574;Female;2;4;7389;No;13;3;5
RM533;47;703;14;728;Male;2;1;11825;No;12;3;7
RM545;47;217;3;746;Female;4;3;10225;Yes;12;3;22
RM567;47;719;27;785;Female;2;3;10339;Yes;12;3;5
RM593;47;202;2;820;Female;4;4;12982;Yes;11;3;26
RM652;47;249;2;903;Female;2;4;17783;Yes;22;4;7
RM666;47;1454;2;925;Female;1;4;13137;Yes;18;3;3
RM708;47;1379;16;987;Male;2;3;6759;Yes;19;3;19
RM720;47;955;4;1003;Female;2;4;8571;Yes;17;3;9
RM1021;47;465;1;1438;Male;1;4;10205;No;12;3;6
RM1025;47;359;2;1443;Female;4;3;26703;No;19;3;20
RM1068;47;571;14;1503;Female;2;3;24200;Yes;17;3;5
RM1155;47;1176;26;1625;Female;5;3;5220;No;11;3;5
RM1195;47;1225;2;1676;Female;4;2;21086;No;14;3;3
RM1224;47;1093;9;1716;Male;4;3;24164;No;11;3;23
RM1235;47;543;2;1731;Male;2;2;3536;No;11;3;1
RM1304;47;1001;4;1827;Female;3;2;19271;Yes;12;3;22
RM1322;47;207;9;1856;Female;1;3;5411;No;12;3;2
RM1371;47;1169;14;1934;Male;2;2;2125;No;18;3;8
RM1415;47;1180;25;1993;Male;3;3;13084;No;23;4;17
RM1422;47;1162;1;2000;Female;3;2;17231;No;18;3;13
RM051;48;626;1;64;Male;3;3;19294;Yes;13;3;1
RM353;48;530;29;473;Female;3;3;23978;No;21;4;0
RM445;48;163;2;595;Female;2;4;19658;No;14;3;9
RM493;48;1236;1;664;Female;4;1;17997;No;11;3;3
RM521;48;817;2;712;Male;2;2;18597;No;12;3;2
RM679;48;1469;20;945;Male;1;3;5543;No;17;3;0
RM736;48;277;6;1022;Male;2;3;13119;No;13;3;2
RM737;48;1355;4;1024;Male;3;3;22245;No;14;3;15
RM805;48;1262;1;1116;Male;4;4;16154;No;22;4;5
RM902;48;969;2;1258;Male;1;2;16620;No;11;3;1
RM905;48;715;1;1263;Male;5;4;8733;No;12;3;1
RM970;48;855;4;1363;Male;3;4;18706;No;11;3;10
RM1039;48;1221;7;1466;Male;2;1;24795;No;11;3;2
RM1104;48;492;16;1557;Female;2;3;13693;No;14;3;8
RM1115;48;1108;15;1576;Female;1;1;16530;No;12;3;8
RM1167;48;365;4;1644;Male;4;4;5602;No;25;4;2
RM1205;48;708;7;1691;Female;1;3;11740;Yes;11;3;9
RM1332;48;1224;10;1867;Male;5;2;13583;No;12;3;22
RM1352;48;117;22;1900;Female;4;4;2437;No;11;3;22
RM002;49;279;8;2;Male;2;2;24907;No;23;4;10
RM130;49;470;20;170;Female;2;1;5549;No;14;3;15
RM202;49;1002;18;275;Male;2;4;23793;Yes;15;3;7
RM291;49;636;10;396;Female;5;1;25594;Yes;11;3;3
RM317;49;1091;1;431;Female;4;3;17810;Yes;12;3;7
RM376;49;1261;7;499;Male;3;3;12066;No;24;4;5
RM474;49;1245;18;638;Male;5;3;2125;Yes;17;3;31
RM608;49;1184;11;840;Female;3;4;5860;No;18;3;9
RM640;49;1418;1;887;Female;1;1;10554;No;16;3;4
RM678;49;527;8;944;Female;3;2;22477;No;11;3;26
RM822;49;174;8;1138;Male;4;2;11879;No;17;3;9
RM900;49;1098;4;1256;Male;5;3;12124;No;13;3;1
RM1007;49;1475;28;1420;Male;2;1;22710;No;20;4;4
RM1045;49;1495;5;1473;Male;2;3;21534;No;14;3;3
RM1055;49;1490;7;1484;Male;3;2;20948;No;14;3;8
RM1072;49;271;3;1509;Female;2;1;23070;No;25;4;3
RM1148;49;722;25;1617;Female;1;1;22102;No;14;3;9
RM1177;49;301;22;1655;Female;4;2;3498;No;16;3;4
RM1182;49;465;6;1661;Female;4;3;11652;Yes;19;3;15
RM1193;49;464;16;1674;Female;1;1;24941;Yes;16;3;2
RM1196;49;809;1;1677;Male;4;3;22384;No;14;3;8
RM1255;49;1313;11;1757;Female;2;4;8191;No;12;3;5
RM1378;49;1064;2;1941;Male;5;4;13738;No;15;3;5
RM1469;49;1023;2;2065;Male;2;2;13243;No;14;3;9
RM1469;49;1023;2;2065;Male;2;2;13243;No;14;3;9
RM037;50;869;3;47;Male;1;3;3810;Yes;14;3;3
RM063;50;989;7;80;Female;5;3;16701;Yes;12;3;27
RM107;50;1115;1;141;Female;5;2;9755;Yes;19;3;8
RM132;50;809;12;174;Female;3;4;6645;No;11;3;2
RM166;50;1452;11;226;Female;5;2;17053;No;15;3;5
RM184;50;328;1;249;Male;1;3;3425;No;15;3;3
RM234;50;854;1;323;Female;5;4;24118;No;11;3;7
RM280;50;797;4;385;Male;5;2;15815;No;14;3;10
RM368;50;1046;10;491;Male;3;4;2755;No;15;3;4
RM426;50;1099;29;569;Male;4;3;9314;No;15;3;27
RM478;50;1246;3;644;Male;5;2;7999;No;11;3;32
RM524;50;1207;28;716;Male;1;3;3297;Yes;11;3;20
RM529;50;562;8;723;Male;2;3;23452;Yes;14;3;4
RM540;50;316;8;738;Male;1;2;9983;No;15;3;2
RM589;50;691;2;815;Male;4;3;6881;No;16;3;4
RM654;50;881;2;905;Male;4;1;4544;No;11;3;31
RM715;50;1126;1;997;Male;4;4;6615;No;22;4;5
RM722;50;939;24;1005;Male;4;3;4161;Yes;18;3;12
RM743;50;804;9;1030;Male;1;4;20165;No;18;3;1
RM752;50;145;1;1040;Female;2;3;24920;No;12;3;18
RM767;50;1464;2;1061;Male;5;3;12853;Yes;11;3;8
RM802;50;959;1;1113;Male;2;3;17251;Yes;14;3;0
RM868;50;1421;2;1215;Female;4;1;9490;No;22;4;2
RM946;50;1322;28;1317;Female;4;1;22422;Yes;11;3;3
RM1087;50;333;22;1539;Male;4;4;24450;Yes;13;3;32
RM1127;50;264;9;1591;Male;5;3;19519;Yes;16;3;1
RM1139;50;1234;20;1606;Male;4;3;20689;Yes;15;3;30
RM1178;50;813;17;1656;Female;3;1;21981;No;15;3;14
RM1453;50;878;1;2044;Male;2;3;14255;No;12;3;6
RM1462;50;410;28;2055;Male;3;1;16586;Yes;13;3;3
RM1462;50;410;28;2055;Male;3;1;16586;Yes;13;3;3
RM088;51;432;9;116;Male;1;4;18725;No;23;4;4
RM092;51;632;21;120;Male;2;4;8423;Yes;22;4;10
RM111;51;1456;1;145;Female;3;1;25796;No;20;4;13
RM124;51;684;6;162;Male;5;3;6462;No;13;3;20
RM137;51;1150;8;179;Male;3;4;25150;No;15;3;4
RM157;51;1169;7;211;Male;2;3;13983;No;17;3;1
RM190;51;313;3;258;Female;4;2;7192;No;18;3;7
RM214;51;1469;8;296;Male;3;2;15736;No;16;3;10
RM259;51;833;1;353;Male;1;4;23231;No;11;3;1
RM300;51;1302;2;408;Male;2;2;16321;No;18;3;4
RM377;51;1178;14;500;Female;2;4;14862;No;11;3;7
RM617;51;1318;26;851;Female;4;3;5594;No;14;3;20
RM780;51;1323;4;1081;Male;1;3;10332;Yes;12;3;10
RM919;51;237;9;1282;Male;5;2;19196;Yes;24;4;29
RM931;51;968;6;1297;Female;1;3;4257;No;14;3;7
RM963;51;770;5;1352;Male;4;2;17588;Yes;11;3;33
RM972;51;1405;11;1367;Female;4;2;24439;No;16;3;5
RM988;51;541;2;1391;Male;3;2;15395;No;11;3;4
RM1276;51;942;3;1786;Female;3;3;22984;No;11;3;2
RM191;52;699;1;259;Male;5;3;5678;No;14;3;33
RM231;52;1323;2;316;Female;1;4;3300;No;15;3;2
RM238;52;771;2;329;Male;5;3;21030;Yes;18;3;33
RM318;52;723;8;433;Male;2;2;17747;No;15;3;8
RM407;52;319;3;543;Male;3;3;19609;Yes;14;3;5
RM409;52;1490;4;546;Female;4;4;10310;No;13;3;5
RM469;52;956;6;630;Male;2;1;22087;Yes;12;3;10
RM562;52;621;3;776;Male;4;1;10084;No;11;3;34
RM571;52;715;19;791;Male;1;4;26589;No;18;3;4
RM588;52;1325;11;813;Female;2;3;21821;No;20;4;5
RM628;52;890;25;867;Female;4;4;19028;No;22;4;9
RM700;52;1053;1;976;Male;4;4;13829;No;15;3;9
RM750;52;266;2;1038;Female;5;4;25846;No;15;3;32
RM807;52;994;7;1118;Male;3;2;15322;No;19;3;8
RM948;52;1030;5;1319;Male;3;2;21534;Yes;19;3;8
RM995;52;322;28;1401;Female;4;3;9731;Yes;11;3;5
RM1001;52;258;8;1409;Female;1;1;17363;No;13;3;5
RM1435;52;585;29;2019;Male;1;4;19788;No;15;3;9
RM019;53;1219;2;23;Female;4;4;22021;No;16;3;25
RM026;53;1282;5;32;Female;5;3;10735;No;11;3;14
RM153;53;1436;6;205;Male;2;3;16047;Yes;20;4;7
RM185;53;1084;13;250;Female;2;1;26250;No;11;3;4
RM281;53;1070;3;386;Male;4;3;21016;Yes;16;3;5
RM503;53;238;1;682;Female;2;1;7507;No;20;4;14
RM535;53;970;7;730;Male;4;3;13514;No;19;3;5
RM557;53;346;6;769;Male;2;4;10919;No;17;3;2
RM625;53;661;7;862;Female;3;4;20715;Yes;18;3;5
RM647;53;868;8;897;Male;4;4;22789;No;14;3;2
RM650;53;102;23;901;Female;4;4;20206;No;18;3;12
RM702;53;1376;2;981;Male;4;3;13938;No;13;3;17
RM761;53;124;2;1050;Female;3;2;23537;No;12;3;15
RM859;53;1223;7;1201;Female;5;3;18640;No;18;3;7
RM1044;53;447;2;1472;Male;4;2;19764;No;12;3;9
RM1112;53;607;2;1572;Female;3;4;14618;No;16;3;33
RM1204;53;1395;24;1689;Male;3;4;3458;No;15;3;4
RM1269;53;661;1;1775;Female;4;3;22308;Yes;20;4;3
RM1397;53;1168;24;1968;Male;3;1;5843;Yes;13;3;2
RM096;54;1217;2;126;Female;3;3;24001;No;12;3;4
RM113;54;142;26;148;Female;4;4;13871;Yes;12;3;5
RM220;54;1147;3;303;Female;2;1;17011;No;14;3;6
RM333;54;928;20;450;Female;2;3;16885;No;12;3;4
RM393;54;821;5;522;Male;5;1;8509;No;11;3;4
RM432;54;548;8;578;Female;2;3;23428;No;11;3;1
RM511;54;397;19;698;Male;3;2;6729;No;15;3;9
RM576;54;376;19;799;Female;2;1;22670;Yes;11;3;5
RM729;54;1441;17;1013;Female;3;3;13943;No;11;3;10
RM772;54;1082;2;1070;Female;3;3;8392;No;11;3;9
RM891;54;966;1;1245;Female;3;3;9659;No;17;3;5
RM895;54;685;3;1250;Male;4;4;23474;No;14;3;10
RM1009;54;971;1;1422;Female;4;4;5652;No;19;3;20
RM1077;54;1050;11;1520;Female;4;4;24456;No;20;4;14
RM1185;54;584;22;1665;Female;4;3;18685;No;25;4;10
RM1306;54;431;7;1830;Female;2;4;15696;No;15;3;7
RM1398;54;155;9;1969;Female;2;3;22474;No;11;3;4
RM1407;54;157;10;1980;Female;2;1;25198;Yes;19;3;5
RM066;55;836;8;84;Female;4;3;19730;Yes;14;3;5
RM083;55;111;1;106;Male;3;4;18092;No;14;3;1
RM188;55;692;14;254;Male;5;2;13339;No;11;3;24
RM271;55;452;1;374;Male;5;1;18938;Yes;14;3;36
RM284;55;147;20;389;Male;2;4;15972;Yes;19;3;10
RM380;55;1311;2;505;Female;4;4;23258;Yes;13;3;5
RM446;55;1117;18;597;Female;4;2;9873;No;23;4;10
RM569;55;725;2;787;Male;5;1;21199;Yes;13;3;5
RM609;55;436;2;842;Male;2;4;21519;No;16;3;9
RM746;55;135;18;1034;Male;2;2;12992;Yes;14;3;8
RM775;55;444;2;1074;Male;4;1;17323;No;15;3;9
RM788;55;1091;2;1096;Male;3;2;15813;No;18;3;3
RM915;55;177;8;1278;Male;4;2;25592;Yes;15;3;33
RM956;55;282;2;1336;Female;5;3;6992;No;14;3;19
RM976;55;267;13;1372;Male;4;3;9277;Yes;17;3;19
RM1011;55;1136;1;1424;Male;4;4;12414;No;13;3;7
RM1066;55;1229;4;1501;Male;2;3;16143;Yes;16;3;3
RM1117;55;685;26;1578;Male;5;4;23037;No;21;4;36
RM1208;55;1441;22;1694;Male;1;2;23737;No;12;3;4
RM1265;55;478;2;1770;Male;5;1;19805;No;12;3;1
RM1337;55;836;2;1873;Male;1;4;7975;No;20;4;5
RM1402;55;189;26;1973;Male;5;2;25811;Yes;18;3;10
RM086;56;1400;7;112;Male;3;4;21698;No;11;3;6
RM123;56;441;14;161;Female;1;2;4510;Yes;18;3;5
RM176;56;713;8;241;Female;1;1;13939;Yes;18;3;2
RM402;56;906;6;532;Female;4;1;18256;No;11;3;7
RM553;56;832;9;762;Male;4;4;20420;No;11;3;10
RM773;56;1240;9;1071;Female;1;3;12154;No;19;3;5
RM852;56;718;4;1191;Female;5;1;18575;No;13;3;5
RM957;56;206;8;1338;Male;5;2;4022;No;14;3;7
RM977;56;1369;23;1373;Male;4;2;18235;Yes;12;3;19
RM1024;56;1255;1;1441;Female;1;1;10494;No;22;4;3
RM1355;56;1162;24;1907;Male;1;4;10261;No;16;3;4
RM1372;56;1443;11;1935;Female;2;1;20328;No;16;3;0
RM1442;56;667;1;2026;Male;2;3;26236;No;21;4;13
RM1445;56;310;7;2032;Male;1;3;3666;No;11;3;10
RM164;57;334;24;223;Male;3;4;23402;Yes;16;3;5
RM361;57;593;1;482;Male;2;3;2967;No;11;3;3
RM425;57;210;29;568;Male;4;4;22102;No;12;3;1
RM1054;57;405;1;1483;Male;2;3;2721;No;24;4;12
RM099;58;682;10;131;Male;4;3;24409;No;13;3;37
RM127;58;147;23;165;Female;3;4;3465;No;12;3;40
RM158;58;1145;9;214;Female;1;2;11873;Yes;20;4;1
RM309;58;390;1;422;Male;2;3;17056;Yes;13;3;5
RM596;58;286;2;825;Male;5;2;25761;Yes;12;3;31
RM661;58;781;2;918;Male;1;4;13384;Yes;14;3;1
RM675;58;1272;5;940;Female;3;2;9255;Yes;13;3;6
RM701;58;289;2;977;Male;1;3;26227;No;24;4;1
RM939;58;848;23;1308;Male;1;3;26076;No;12;3;2
RM967;58;601;7;1360;Female;3;1;12023;Yes;14;3;10
RM1010;58;1055;1;1423;Female;5;1;22456;Yes;21;4;9
RM1302;58;350;2;1824;Male;4;2;22577;No;22;4;16
RM1311;58;1216;15;1837;Male;4;3;21624;Yes;14;3;2
RM1375;58;605;21;1938;Female;4;4;11761;Yes;13;3;1
RM007;59;1324;3;10;Female;1;1;9964;Yes;20;4;1
RM064;59;1435;25;81;Female;3;1;2354;No;11;3;21
RM071;59;1225;1;91;Female;2;3;24668;No;11;3;4
RM106;59;1420;2;140;Female;5;4;21922;No;21;4;3
RM226;59;142;3;309;Male;1;4;8456;No;17;3;1
RM233;59;818;6;321;Male;1;3;25657;No;17;3;2
RM744;59;715;2;1032;Female;4;4;21829;Yes;13;3;5
RM759;59;1089;1;1048;Male;3;4;11038;Yes;14;3;6
RM898;59;326;3;1254;Female;2;4;16490;No;17;3;6
RM920;59;1429;18;1283;Male;3;4;20002;No;12;3;9
RM412;60;422;7;549;Female;5;1;3854;No;11;3;29
RM428;60;1499;28;573;Female;3;1;2845;No;19;3;18
RM537;60;1179;16;732;Male;2;1;11924;No;14;3;2
RM880;60;696;7;1233;Male;2;4;10893;Yes;18;3;11
RM1210;60;370;1;1697;Male;3;4;20467;No;20;4;1
